,areaSource,areaSourceHigh,areaSourceLow,areaTotal,associationId,datlocation,depth,endtime,eventid,h,hHigh,hLow,hfall,hfall_high,hfall_low,l,lHigh,lLow,latitude,locuncertKm,longitude,lppotential,mass,massHigh,massLow,maxdistvhfKm,maxdistvhfReached,maxdisthfKm,maxdisthfReached,maxdistipKm,maxdistipReached,maxdistlpKm,maxdistlpReached,maxdistinfraKm,maxdistinfraReached,infraDetected,name,otherdataquality1to5,peakDischarge,peakDischargeLow,peakDischargeHigh,peakFlowheight,peakFlowheightLow,peakFlowheightHigh,starttime,sources,toeLat,toeLon,topLat,topLon,upstreamDrainarea,type,subtype,volume,volumeHigh,volumeLow
0,100000.0,,,1600000.0,273,IRIS,,2017_06_23 214249,273,1200.0,,,,,,2600.0,,,32.0797,0.0,103.6628,1,,,,,,591.0,False,,,591.0,False,,,,"Xinmo Village, China",5,,,,,,,2017_06_23 213916,"Collins, E.A., Allstadt, K.E., Groult, C., Hibert, C., Malet, J.-P., Toney, L.D., and Jensen, E.K., 2022, Seismogenic Landslides and other Mass Movements (ver. 2.0, December 2023): U.S. Geological Survey data release, https://doi.org/10.5066/P90VGCSK.&lt;a href=""https%3A//doi.org/10.5066/P90VGCSK""&gt;https://doi.org/10.5066/P90VGCSK&lt;/a&gt;",,,,,,"rock slide, rock avalanche",Rock/ice/debris avalanches and slides,13000000.0,14000000.0,12000000.0
1,,,,10000000.0,285,IRIS,,1997_12_26 070719,285,,,,,,,4000.0,,,16.709,0.1,-62.1762,1,,,,,,0.0,,,,450.0,False,,,,Montserrat,5,,,,,,,1997_12_26 070240,"Collins, E.A., Allstadt, K.E., Groult, C., Hibert, C., Malet, J.-P., Toney, L.D., and Jensen, E.K., 2022, Seismogenic Landslides and other Mass Movements (ver. 2.0, December 2023): U.S. Geological Survey data release, https://doi.org/10.5066/P90VGCSK.&lt;a href=""https%3A//doi.org/10.5066/P90VGCSK""&gt;https://doi.org/10.5066/P90VGCSK&lt;/a&gt;",16.6753,-62.1762,16.709,-62.1762,,"debris avalanche, pyroclastic density current",Rock/ice/debris avalanches and slides,46000000.0,50000000.0,40000000.0
2,,,,,277,IRIS,,2013_01_21 011052,277,900.0,,,,,,2900.0,,,-43.5611,0.0,170.1801,2,,,,,,73.0,False,,,56.0,False,,,,"Mount Haast, New Zealand",5,,,,,,,2013_01_21 010828,"Collins, E.A., Allstadt, K.E., Groult, C., Hibert, C., Malet, J.-P., Toney, L.D., and Jensen, E.K., 2022, Seismogenic Landslides and other Mass Movements (ver. 2.0, December 2023): U.S. Geological Survey data release, https://doi.org/10.5066/P90VGCSK.&lt;a href=""https%3A//doi.org/10.5066/P90VGCSK""&gt;https://doi.org/10.5066/P90VGCSK&lt;/a&gt;",-43.5857,170.1764,-43.5611,170.1801,,rock avalanche,Rock/ice/debris avalanches and slides,2000000.0,,
3,,,,,276,IRIS,,2020_07_24 221811,276,,,,,,,,,,35.26,0.0,-111.62292,0,,,,2.0,1.0,2.0,True,,,0.0,,,,,"Museum Fire, Arizona",5,,3.0,6.0,,,,2020_07_24 214125,"Collins, E.A., Allstadt, K.E., Groult, C., Hibert, C., Malet, J.-P., Toney, L.D., and Jensen, E.K., 2022, Seismogenic Landslides and other Mass Movements (ver. 2.0, December 2023): U.S. Geological Survey data release, https://doi.org/10.5066/P90VGCSK.&lt;a href=""https%3A//doi.org/10.5066/P90VGCSK""&gt;https://doi.org/10.5066/P90VGCSK&lt;/a&gt;",,,,,,debris flow,Lahar/debris flow/outburst flood,,,
4,,,,,280,"NCEDC, IRIS",,2021_07_28 025915,280,,,,,,,,,,41.4197,0.6,-122.2115,0,,,,9.0,1.0,9.0,True,,,0.0,,0.0,,,"Whitney and Bolam Creek, Mount Shasta",4,,,,,,,2021_07_27 172215,"Collins, E.A., Allstadt, K.E., Groult, C., Hibert, C., Malet, J.-P., Toney, L.D., and Jensen, E.K., 2022, Seismogenic Landslides and other Mass Movements (ver. 2.0, December 2023): U.S. Geological Survey data release, https://doi.org/10.5066/P90VGCSK.&lt;a href=""https%3A//doi.org/10.5066/P90VGCSK""&gt;https://doi.org/10.5066/P90VGCSK&lt;/a&gt;",,,,,,debris flow,Lahar/debris flow/outburst flood,,,
5,,,,,308,"INGV, IRIS",,2014_02_27 165745,308,,,,,,,,,,43.8991,0.05,12.3444,0,,,,,,175.0,True,,,0.0,,,,,"San Leo 1, Italy",5,,,,,,,2014_02_27 165634,"Collins, E.A., Allstadt, K.E., Groult, C., Hibert, C., Malet, J.-P., Toney, L.D., and Jensen, E.K., 2022, Seismogenic Landslides and other Mass Movements (ver. 3.0, May 2025): U.S. Geological Survey data release, https://doi.org/10.5066/P90VGCSK.&lt;a href=""https%3A//doi.org/10.5066/P90VGCSK""&gt;https://doi.org/10.5066/P90VGCSK&lt;/a&gt;",43.9014,12.3439,43.8991,12.3444,,rock fall,Rock/debris falls,110000.0,,
6,,,,45000.0,302,INGV,,2022_11_26 040401,302,440.0,,,,,,1116.0,,,40.7319,0.0,13.8982,0,,,,3.0,1.0,5.0,True,,,0.0,,,,,"Casamicciola, Italy",5,,,,,,,2022_11_26 040041,"Collins, E.A., Allstadt, K.E., Groult, C., Hibert, C., Malet, J.-P., Toney, L.D., and Jensen, E.K., 2022, Seismogenic Landslides and other Mass Movements (ver. 2.0, December 2023): U.S. Geological Survey data release, https://doi.org/10.5066/P90VGCSK.&lt;a href=""https%3A//doi.org/10.5066/P90VGCSK""&gt;https://doi.org/10.5066/P90VGCSK&lt;/a&gt;",40.7406,13.9018,40.7319,13.8982,,debris flow,Lahar/debris flow/outburst flood,40000.0,,
7,,,,,293,IRIS,,2022_01_06 135004,293,,,,,,,,,,46.1894,1.0,-122.1655,0,,,,,,15.0,True,,,0.0,,,,False,"Shoestring Notch, Mount St Helens",2,,,,,,,2022_01_06 133112,"Collins, E.A., Allstadt, K.E., Groult, C., Hibert, C., Malet, J.-P., Toney, L.D., and Jensen, E.K., 2022, Seismogenic Landslides and other Mass Movements (ver. 2.0, December 2023): U.S. Geological Survey data release, https://doi.org/10.5066/P90VGCSK.&lt;a href=""https%3A//doi.org/10.5066/P90VGCSK""&gt;https://doi.org/10.5066/P90VGCSK&lt;/a&gt;",,,,,,snow avalanche,Snow avalanches,,,
8,3500.0,4100.0,2600.0,60000.0,299,IRIS,,2022_12_22 102106,299,240.0,320.0,200.0,,,,430.0,600.0,400.0,50.7395,0.0,-116.7833,0,,,,,,488.0,True,,,0.0,,,,,Snowpatch Spire,4,,,,,,,2022_12_22 101834,"Collins, E.A., Allstadt, K.E., Groult, C., Hibert, C., Malet, J.-P., Toney, L.D., and Jensen, E.K., 2022, Seismogenic Landslides and other Mass Movements (ver. 2.0, December 2023): U.S. Geological Survey data release, https://doi.org/10.5066/P90VGCSK.&lt;a href=""https%3A//doi.org/10.5066/P90VGCSK""&gt;https://doi.org/10.5066/P90VGCSK&lt;/a&gt;",50.7411,-116.778,50.7395,-116.7833,,rock fall,Rock/debris falls,23000.0,30000.0,18000.0
9,,,,,272,"IRIS, GEOFON",,2014_07_21 232953,272,,,,,,,2100.0,,,65.0124,0.2,-16.6852,1,,,,,,127.0,True,,,584.0,False,,,,Askja Caldera,5,,,,,,,2014_07_21 232404,"Collins, E.A., Allstadt, K.E., Groult, C., Hibert, C., Malet, J.-P., Toney, L.D., and Jensen, E.K., 2022, Seismogenic Landslides and other Mass Movements (ver. 2.0, December 2023): U.S. Geological Survey data release, https://doi.org/10.5066/P90VGCSK.&lt;a href=""https%3A//doi.org/10.5066/P90VGCSK""&gt;https://doi.org/10.5066/P90VGCSK&lt;/a&gt;",65.0238,-16.7264,65.0124,-16.6852,,"rock slide, outburst flood",Rock/ice/debris avalanches and slides,20000000.0,50000000.0,12000000.0
10,600.0,900.0,300.0,11000.0,265,IRIS,,2021_07_27 073114,265,220.0,,,,,,200.0,,,49.6813,0.0,-123.1482,0,,,,,,219.0,True,,,0.0,,,,,"Black Dyke, Stawamus Chief",4,,,,,,,2021_07_27 073009,"Collins, E.A., Allstadt, K.E., Groult, C., Hibert, C., Malet, J.-P., Toney, L.D., and Jensen, E.K., 2022, Seismogenic Landslides and other Mass Movements (ver. 2.0, December 2023): U.S. Geological Survey data release, https://doi.org/10.5066/P90VGCSK.&lt;a href=""https%3A//doi.org/10.5066/P90VGCSK""&gt;https://doi.org/10.5066/P90VGCSK&lt;/a&gt;",49.6817,-123.1501,49.6813,-123.1482,,rock fall,Rock/debris falls,3000.0,3500.0,3300.0
11,,,,,298,IRIS,,2022_09_03 205501,298,,,,,,,,,,46.2014,0.2,-122.1753,0,,,,,,18.0,True,,,0.0,,,,False,Mount St Helens,2,,,,,,,2022_09_03 205215,"Collins, E.A., Allstadt, K.E., Groult, C., Hibert, C., Malet, J.-P., Toney, L.D., and Jensen, E.K., 2022, Seismogenic Landslides and other Mass Movements (ver. 2.0, December 2023): U.S. Geological Survey data release, https://doi.org/10.5066/P90VGCSK.&lt;a href=""https%3A//doi.org/10.5066/P90VGCSK""&gt;https://doi.org/10.5066/P90VGCSK&lt;/a&gt;",,,,,,rock fall,Rock/debris falls,,,
12,,,,,318,"NCEDC, IRIS",,2022_08_03 060517,318,,,,,,,,,,41.4401,1.0,-122.2111,0,,,,8.0,1.0,9.0,False,,,0.0,,7.0,True,True,"Bolam Creek, Mount Shasta",3,,,,,,,2022_08_03 015801,"Collins, E.A., Allstadt, K.E., Groult, C., Hibert, C., Malet, J.-P., Toney, L.D., and Jensen, E.K., 2022, Seismogenic Landslides and other Mass Movements (ver. 3.0, May 2025): U.S. Geological Survey data release, https://doi.org/10.5066/P90VGCSK.&lt;a href=""https%3A//doi.org/10.5066/P90VGCSK""&gt;https://doi.org/10.5066/P90VGCSK&lt;/a&gt;",,,,,,debris flow,Lahar/debris flow/outburst flood,,,
13,260000.0,330000.0,180000.0,5800000.0,284,IRIS,,2022_09_01 181139,284,1500.0,,,,,,20000.0,21000.0,17000.0,53.975,0.0,-129.326,1,,,,,,490.0,False,,,490.0,False,,,,Ecstall River,4,,,,,,,2022_09_01 180315,"Collins, E.A., Allstadt, K.E., Groult, C., Hibert, C., Malet, J.-P., Toney, L.D., and Jensen, E.K., 2022, Seismogenic Landslides and other Mass Movements (ver. 2.0, December 2023): U.S. Geological Survey data release, https://doi.org/10.5066/P90VGCSK.&lt;a href=""https%3A//doi.org/10.5066/P90VGCSK""&gt;https://doi.org/10.5066/P90VGCSK&lt;/a&gt;",53.8485,-129.3488,53.975,-129.326,,"rock and ice avalanche, outburst flood",Rock/ice/debris avalanches and slides,10000000.0,14000000.0,7100000.0
14,,,,,333,IRIS,,2023_03_13 120547,333,700.0,1000.0,600.0,,,,4000.0,4400.0,3600.0,46.1888,0.3,-122.1653,0,,,,,,52.0,True,,,0.0,,0.0,,False,"Shoestring Notch, Mount St Helens",2,,,,,,,2023_03_13 114808,"Collins, E.A., Allstadt, K.E., Groult, C., Hibert, C., Malet, J.-P., Toney, L.D., and Jensen, E.K., 2022, Seismogenic Landslides and other Mass Movements (ver. 3.0, May 2025): U.S. Geological Survey data release, https://doi.org/10.5066/P90VGCSK.&lt;a href=""https%3A//doi.org/10.5066/P90VGCSK""&gt;https://doi.org/10.5066/P90VGCSK&lt;/a&gt;",46.1754,-122.1179,46.1888,-122.1653,,snow avalanche,Snow avalanches,,,
15,,,,,278,"NCEDC, IRIS",,2021_06_28 024542,278,,,,,,,,,,41.3907,0.5,-122.1855,0,,,,0.0,,26.0,True,,,0.0,,0.0,,,"Mud Creek, Mount Shasta",4,,,,,,,2021_06_27 214812,"Collins, E.A., Allstadt, K.E., Groult, C., Hibert, C., Malet, J.-P., Toney, L.D., and Jensen, E.K., 2022, Seismogenic Landslides and other Mass Movements (ver. 2.0, December 2023): U.S. Geological Survey data release, https://doi.org/10.5066/P90VGCSK.&lt;a href=""https%3A//doi.org/10.5066/P90VGCSK""&gt;https://doi.org/10.5066/P90VGCSK&lt;/a&gt;",,,,,,debris flow,Lahar/debris flow/outburst flood,,,
16,,,,,330,IRIS,,2023_08_28 001204,330,800.0,900.0,700.0,,,,5000.0,5400.0,4800.0,45.3497,0.1,-121.6957,0,,,,7.0,1.0,32.0,True,,,0.0,,0.0,,False,"White River, Mount Hood",4,,,,,,,2023_08_27 234430,"Collins, E.A., Allstadt, K.E., Groult, C., Hibert, C., Malet, J.-P., Toney, L.D., and Jensen, E.K., 2022, Seismogenic Landslides and other Mass Movements (ver. 3.0, May 2025): U.S. Geological Survey data release, https://doi.org/10.5066/P90VGCSK.&lt;a href=""https%3A//doi.org/10.5066/P90VGCSK""&gt;https://doi.org/10.5066/P90VGCSK&lt;/a&gt;",45.308,-121.68,45.3497,-121.6957,,debris flow,Lahar/debris flow/outburst flood,,,
17,88000.0,,55639.0,154000.0,287,IRIS,,2022_06_28 223544,287,380.0,,,,,,700.0,,,40.302,0.0,-105.6835,2,,,,,,70.0,True,,,156.0,True,0.0,,False,"Chaos Canyon, Rocky Mountain National Park",5,,,,,,,2022_06_28 223344,"Collins, E.A., Allstadt, K.E., Groult, C., Hibert, C., Malet, J.-P., Toney, L.D., and Jensen, E.K., 2022, Seismogenic Landslides and other Mass Movements (ver. 2.0, December 2023): U.S. Geological Survey data release, https://doi.org/10.5066/P90VGCSK.&lt;a href=""https%3A//doi.org/10.5066/P90VGCSK""&gt;https://doi.org/10.5066/P90VGCSK&lt;/a&gt;",40.3013,-105.6779,40.302,-105.6835,,debris slide,Rock/ice/debris avalanches and slides,2130000.0,2250000.0,2010000.0
18,140000.0,,,1500000.0,325,IRIS,,2023_09_14 021000,325,1300.0,,,,,,3400.0,,,63.1399,0.0,-151.1872,1,,,,,,594.0,False,,,594.0,False,287.0,True,True,"Peters Dome, Denali National Park",4,,,,,,,2023_09_14 020638,"Collins, E.A., Allstadt, K.E., Groult, C., Hibert, C., Malet, J.-P., Toney, L.D., and Jensen, E.K., 2022, Seismogenic Landslides and other Mass Movements (ver. 3.0, May 2025): U.S. Geological Survey data release, https://doi.org/10.5066/P90VGCSK.&lt;a href=""https%3A//doi.org/10.5066/P90VGCSK""&gt;https://doi.org/10.5066/P90VGCSK&lt;/a&gt;",63.1688,-151.2044,63.1399,-151.1872,,rock and ice avalanche,Rock/ice/debris avalanches and slides,4500000.0,6000000.0,3000000.0
19,,,,,266,IRIS,,2022_05_08 034118,266,,,,,,,140.0,160.0,120.0,60.093,0.0,-149.4461,0,,,,,,2.0,True,,,0.0,,0.0,,False,Lowell Point,4,,,,,,,2022_05_08 033908,"Collins, E.A., Allstadt, K.E., Groult, C., Hibert, C., Malet, J.-P., Toney, L.D., and Jensen, E.K., 2022, Seismogenic Landslides and other Mass Movements (ver. 2.0, December 2023): U.S. Geological Survey data release, https://doi.org/10.5066/P90VGCSK.&lt;a href=""https%3A//doi.org/10.5066/P90VGCSK""&gt;https://doi.org/10.5066/P90VGCSK&lt;/a&gt;",60.0935,-149.4438,60.093,-149.4461,,rock slide,Rock/ice/debris avalanches and slides,76500.0,,
20,,,,,271,IRIS,,2010_09_12 204110,271,1000.0,1100.0,990.0,,,,1320.0,,,35.4088,0.0,77.1718,1,190000000000.0,,,,,682.0,False,,,694.0,False,,,,Siachen Glacier,4,,,,,,,2010_09_12 203729,"Collins, E.A., Allstadt, K.E., Groult, C., Hibert, C., Malet, J.-P., Toney, L.D., and Jensen, E.K., 2022, Seismogenic Landslides and other Mass Movements (ver. 2.0, December 2023): U.S. Geological Survey data release, https://doi.org/10.5066/P90VGCSK.&lt;a href=""https%3A//doi.org/10.5066/P90VGCSK""&gt;https://doi.org/10.5066/P90VGCSK&lt;/a&gt;",35.4116,77.1373,35.4088,77.1718,,landslide,Rock/ice/debris avalanches and slides,,,1000000.0
21,,,,,269,GEOFON,,2010_01_04 084032,269,1175.0,,,,,,1300.0,,,36.3179,0.0,74.823,1,110000000000.0,,,,,773.0,False,,,790.0,False,,,,"Hunza-Attabad, Pakistan",4,,,,,,,2010_01_04 083654,"Collins, E.A., Allstadt, K.E., Groult, C., Hibert, C., Malet, J.-P., Toney, L.D., and Jensen, E.K., 2022, Seismogenic Landslides and other Mass Movements (ver. 2.0, December 2023): U.S. Geological Survey data release, https://doi.org/10.5066/P90VGCSK.&lt;a href=""https%3A//doi.org/10.5066/P90VGCSK""&gt;https://doi.org/10.5066/P90VGCSK&lt;/a&gt;",36.3056,74.8197,36.3179,74.823,,landslide,Rock/ice/debris avalanches and slides,45000000.0,,
22,20700.0,,,370000.0,323,"IRIS, NCEDC",,2023_05_15 044004,323,348.0,,,,,,7500.0,7600.0,,46.28,0.0,-122.1895,0,,,,0.0,,16.0,True,,,0.0,,0.0,,False,"South Coldwater, Mount St Helens",4,,,,,,,2023_05_15 032910,"Collins, E.A., Allstadt, K.E., Groult, C., Hibert, C., Malet, J.-P., Toney, L.D., and Jensen, E.K., 2022, Seismogenic Landslides and other Mass Movements (ver. 3.0, May 2025): U.S. Geological Survey data release, https://doi.org/10.5066/P90VGCSK.&lt;a href=""https%3A//doi.org/10.5066/P90VGCSK""&gt;https://doi.org/10.5066/P90VGCSK&lt;/a&gt;",46.28742,-122.26492,46.27995,-122.18941,,"debris slide, debris flow",Rock/ice/debris avalanches and slides,234000.0,235000.0,
23,,,,,334,IRIS,,2024_02_12 140153,334,170.0,230.0,150.0,,,,400.0,550.0,350.0,46.2091,0.04,-122.194,0,,,,,,16.0,True,,,0.0,,0.0,,False,"NW Dome, Mount St Helens",2,,,,,,,2024_02_12 140039,"Collins, E.A., Allstadt, K.E., Groult, C., Hibert, C., Malet, J.-P., Toney, L.D., and Jensen, E.K., 2022, Seismogenic Landslides and other Mass Movements (ver. 3.0, May 2025): U.S. Geological Survey data release, https://doi.org/10.5066/P90VGCSK.&lt;a href=""https%3A//doi.org/10.5066/P90VGCSK""&gt;https://doi.org/10.5066/P90VGCSK&lt;/a&gt;",46.2128,-122.1926,46.2091,-122.194,,snow avalanche,Snow avalanches,,,
24,,,,,301,"IRIS, INGV, ETH, ORFEUS, RESIF",,2023_02_23 153115,301,,,,,,,,,,46.491,0.0,7.658,1,,,,,,283.0,True,,,148.0,True,0.0,,False,"Kandersteg, Switzerland",3,,,,,,,2023_02_23 152932,"Collins, E.A., Allstadt, K.E., Groult, C., Hibert, C., Malet, J.-P., Toney, L.D., and Jensen, E.K., 2022, Seismogenic Landslides and other Mass Movements (ver. 2.0, December 2023): U.S. Geological Survey data release, https://doi.org/10.5066/P90VGCSK.&lt;a href=""https%3A//doi.org/10.5066/P90VGCSK""&gt;https://doi.org/10.5066/P90VGCSK&lt;/a&gt;",,,,,,rock fall,Rock/debris falls,18000.0,20000.0,15000.0
25,,,,,292,IRIS,,2022_01_06 173253,292,,,,,,,,,,46.1818,1.0,-122.1177,0,,,,,,55.0,True,,,0.0,,,,False,"Muddy River, Mount St Helens",2,,,,,,,2022_01_06 171630,"Collins, E.A., Allstadt, K.E., Groult, C., Hibert, C., Malet, J.-P., Toney, L.D., and Jensen, E.K., 2022, Seismogenic Landslides and other Mass Movements (ver. 2.0, December 2023): U.S. Geological Survey data release, https://doi.org/10.5066/P90VGCSK.&lt;a href=""https%3A//doi.org/10.5066/P90VGCSK""&gt;https://doi.org/10.5066/P90VGCSK&lt;/a&gt;",,,,,,snow avalanche,Snow avalanches,,,
26,,,,,281,"NCEDC, IRIS",,2021_07_31 010155,281,,,,,,,,,,41.4091,0.5,-122.1879,0,,,,11.0,1.0,16.0,True,,,0.0,,0.0,,,"Ash Creek, Mount Shasta",4,,,,,,,2021_07_30 164315,"Collins, E.A., Allstadt, K.E., Groult, C., Hibert, C., Malet, J.-P., Toney, L.D., and Jensen, E.K., 2022, Seismogenic Landslides and other Mass Movements (ver. 2.0, December 2023): U.S. Geological Survey data release, https://doi.org/10.5066/P90VGCSK.&lt;a href=""https%3A//doi.org/10.5066/P90VGCSK""&gt;https://doi.org/10.5066/P90VGCSK&lt;/a&gt;",,,,,,debris flow,Lahar/debris flow/outburst flood,,,
27,470.0,530.0,420.0,21000.0,264,IRIS,,2021_09_20 083009,264,350.0,,,,,,400.0,,,49.6888,0.0,-123.1348,0,,,,,,260.0,True,,,0.0,,,,,"Zodiac Wall, Stawamus Chief",4,,,,,,,2021_09_20 082856,"Collins, E.A., Allstadt, K.E., Groult, C., Hibert, C., Malet, J.-P., Toney, L.D., and Jensen, E.K., 2022, Seismogenic Landslides and other Mass Movements (ver. 2.0, December 2023): U.S. Geological Survey data release, https://doi.org/10.5066/P90VGCSK.&lt;a href=""https%3A//doi.org/10.5066/P90VGCSK""&gt;https://doi.org/10.5066/P90VGCSK&lt;/a&gt;",49.6907,-123.1355,49.6888,-123.1348,,rock fall,Rock/debris falls,2500.0,3000.0,2000.0
28,,,,,316,"NCEDC, IRIS",,2022_07_27 071029,316,,,,,,,,,,41.3907,1.0,-122.1855,0,,,,10.0,1.0,58.0,True,,,0.0,,10.0,True,True,"Mud Creek, Mount Shasta",3,,,,,,,2022_07_26 221603,"Collins, E.A., Allstadt, K.E., Groult, C., Hibert, C., Malet, J.-P., Toney, L.D., and Jensen, E.K., 2022, Seismogenic Landslides and other Mass Movements (ver. 3.0, May 2025): U.S. Geological Survey data release, https://doi.org/10.5066/P90VGCSK.&lt;a href=""https%3A//doi.org/10.5066/P90VGCSK""&gt;https://doi.org/10.5066/P90VGCSK&lt;/a&gt;",,,,,,debris flow,Lahar/debris flow/outburst flood,,,
29,12900000.0,,,18900000.0,270,IRIS,,2000_04_09 121015,270,3330.0,,,,,,10000.0,,,30.2031,0.0,94.9675,1,,,,,,1982.0,False,,,1982.0,False,,,,"Yìgòng, Tibet",5,,,,,,,2000_04_09 120000,"Collins, E.A., Allstadt, K.E., Groult, C., Hibert, C., Malet, J.-P., Toney, L.D., and Jensen, E.K., 2022, Seismogenic Landslides and other Mass Movements (ver. 2.0, December 2023): U.S. Geological Survey data release, https://doi.org/10.5066/P90VGCSK.&lt;a href=""https%3A//doi.org/10.5066/P90VGCSK""&gt;https://doi.org/10.5066/P90VGCSK&lt;/a&gt;",,,,,,"rock slide, debris avalanche",Rock/ice/debris avalanches and slides,300000000.0,,
30,35000.0,41000.0,27000.0,1700000.0,134,IRIS,,2016_05_28 153103,134,730.0,820.0,630.0,,,,2000.0,2200.0,1700.0,59.21995,0.0,-136.17013,1,,,,,,500.0,False,,,500.0,False,,,,Takhinsha Mountains,4,,,,,,,2016_05_28 152756,"Collins, E.A., Allstadt, K.E., Groult, C., Hibert, C., Malet, J.-P., Toney, L.D., and Jensen, E.K., 2022, Seismogenic Landslides and other Mass Movements (ver. 2.0, December 2023): U.S. Geological Survey data release, https://doi.org/10.5066/P90VGCSK.&lt;a href=""https%3A//doi.org/10.5066/P90VGCSK""&gt;https://doi.org/10.5066/P90VGCSK&lt;/a&gt;",59.21853,-136.13273,59.21995,-136.17013,,rock avalanche,Rock/ice/debris avalanches and slides,600000.0,800000.0,450000.0
31,,,,1500000.0,312,"IRIS, ETH, GEOFON",,2018_07_07 051858,312,500.0,,,,,,2000.0,2500.0,,64.7943,0.0,-22.1336,1,,,,,,96.0,True,,,39.0,True,0.0,,False,"Fagraskógarfjall, Iceland",5,,,,,,,2018_07_07 051651,"Collins, E.A., Allstadt, K.E., Groult, C., Hibert, C., Malet, J.-P., Toney, L.D., and Jensen, E.K., 2022, Seismogenic Landslides and other Mass Movements (ver. 3.0, May 2025): U.S. Geological Survey data release, https://doi.org/10.5066/P90VGCSK.&lt;a href=""https%3A//doi.org/10.5066/P90VGCSK""&gt;https://doi.org/10.5066/P90VGCSK&lt;/a&gt;",64.7791,-22.0955,64.7943,-22.1336,,landslide,Rock/ice/debris avalanches and slides,13500000.0,20000000.0,7000000.0
32,,,,,290,IRIS,,2021_09_13 171654,290,,,,,,,,,,46.8435,0.1,-121.7478,0,,,,,,18.0,True,,,0.0,,,,False,"Nisqually, Mount Rainier 1",4,,,,,,,2021_09_13 171607,"Collins, E.A., Allstadt, K.E., Groult, C., Hibert, C., Malet, J.-P., Toney, L.D., and Jensen, E.K., 2022, Seismogenic Landslides and other Mass Movements (ver. 2.0, December 2023): U.S. Geological Survey data release, https://doi.org/10.5066/P90VGCSK.&lt;a href=""https%3A//doi.org/10.5066/P90VGCSK""&gt;https://doi.org/10.5066/P90VGCSK&lt;/a&gt;",,,,,,ice fall,Rock/debris falls,,,
33,,,,,314,"NCEDC, IRIS",,2022_07_16 080146,314,,,,,,,,,,41.3907,1.0,-122.1855,0,,,,10.0,1.0,14.0,True,,,0.0,,10.0,True,True,"Mud Creek, Mount Shasta",2,,,,,,,2022_07_16 015433,"Collins, E.A., Allstadt, K.E., Groult, C., Hibert, C., Malet, J.-P., Toney, L.D., and Jensen, E.K., 2022, Seismogenic Landslides and other Mass Movements (ver. 3.0, May 2025): U.S. Geological Survey data release, https://doi.org/10.5066/P90VGCSK.&lt;a href=""https%3A//doi.org/10.5066/P90VGCSK""&gt;https://doi.org/10.5066/P90VGCSK&lt;/a&gt;",,,,,,debris flow,Lahar/debris flow/outburst flood,,,
34,,,,,335,IRIS,,2023_12_10 190808,335,1300.0,1500.0,900.0,,,,2900.0,3200.0,2700.0,46.8612,0.0,-121.739,0,,,,,,78.0,True,,,0.0,,9.0,True,True,"Emmons Glacier, Mount Rainier",4,,,,,,,2023_12_10 190445,"Collins, E.A., Allstadt, K.E., Groult, C., Hibert, C., Malet, J.-P., Toney, L.D., and Jensen, E.K., 2022, Seismogenic Landslides and other Mass Movements (ver. 3.0, May 2025): U.S. Geological Survey data release, https://doi.org/10.5066/P90VGCSK.&lt;a href=""https%3A//doi.org/10.5066/P90VGCSK""&gt;https://doi.org/10.5066/P90VGCSK&lt;/a&gt;",46.8739,-121.7069,46.8612,-121.739,,snow avalanche,Snow avalanches,,,
35,,,,160000.0,324,"IRIS, ETH, INGV",,2023_07_30 135955,324,590.0,620.0,560.0,,,,1000.0,,,46.8932,0.0,8.8619,1,,,,,,312.0,True,,,203.0,True,,,,"Gwalpeten, Switzerland",4,,,,,,,2023_07_30 135827,"Collins, E.A., Allstadt, K.E., Groult, C., Hibert, C., Malet, J.-P., Toney, L.D., and Jensen, E.K., 2022, Seismogenic Landslides and other Mass Movements (ver. 3.0, May 2025): U.S. Geological Survey data release, https://doi.org/10.5066/P90VGCSK.&lt;a href=""https%3A//doi.org/10.5066/P90VGCSK""&gt;https://doi.org/10.5066/P90VGCSK&lt;/a&gt;",46.8972,8.8511,46.8932,8.8619,,"rock slide, rock avalanche",Rock/ice/debris avalanches and slides,480000.0,,
36,,,,,291,IRIS,,2021_09_13 174725,291,,,,,,,,,,46.8435,0.1,-121.7478,0,,,,,,18.0,True,,,0.0,,,,False,"Nisqually, Mount Rainier 2",4,,,,,,,2021_09_13 174636,"Collins, E.A., Allstadt, K.E., Groult, C., Hibert, C., Malet, J.-P., Toney, L.D., and Jensen, E.K., 2022, Seismogenic Landslides and other Mass Movements (ver. 2.0, December 2023): U.S. Geological Survey data release, https://doi.org/10.5066/P90VGCSK.&lt;a href=""https%3A//doi.org/10.5066/P90VGCSK""&gt;https://doi.org/10.5066/P90VGCSK&lt;/a&gt;",,,,,,ice fall,Rock/debris falls,,,
37,52000.0,59000.0,40000.0,900000.0,321,"IRIS, ETH, INGV",,2023_06_11 133158,321,930.0,970.0,740.0,,,,2600.0,3100.0,2100.0,46.8908,0.0,10.2275,2,,,,,,492.0,False,,,,,,,,"Flüchthorn, Austria",4,,,,,,,2023_06_11 132829,"Collins, E.A., Allstadt, K.E., Groult, C., Hibert, C., Malet, J.-P., Toney, L.D., and Jensen, E.K., 2022, Seismogenic Landslides and other Mass Movements (ver. 3.0, May 2025): U.S. Geological Survey data release, https://doi.org/10.5066/P90VGCSK.&lt;a href=""https%3A//doi.org/10.5066/P90VGCSK""&gt;https://doi.org/10.5066/P90VGCSK&lt;/a&gt;",46.8856,10.1957,46.8908,10.2275,,rock avalanche,Rock/ice/debris avalanches and slides,1000000.0,,
38,,,,,329,IRIS,,2023_04_24 163930,329,,,,,,,2900.0,3200.0,2700.0,45.3329,0.1,-121.7021,0,,,,,,19.0,True,,,0.0,,0.0,,False,"White River, Mount Hood",3,,,,,,,2023_04_24 162125,"Collins, E.A., Allstadt, K.E., Groult, C., Hibert, C., Malet, J.-P., Toney, L.D., and Jensen, E.K., 2022, Seismogenic Landslides and other Mass Movements (ver. 3.0, May 2025): U.S. Geological Survey data release, https://doi.org/10.5066/P90VGCSK.&lt;a href=""https%3A//doi.org/10.5066/P90VGCSK""&gt;https://doi.org/10.5066/P90VGCSK&lt;/a&gt;",45.3119,-121.6829,45.3329,-121.7021,,snow avalanche,Snow avalanches,330000.0,,33000.0
39,,,,3400000.0,336,IRIS,,2016_06_28 182403,336,200.0,,,,,,3800.0,,,58.74666,0.0,-136.88693,0,,,,,,303.0,True,,,0.0,,0.0,,False,Lamplugh Glacier secondary,5,,,,,,,2016_06_28 182114,"Collins, E.A., Allstadt, K.E., Groult, C., Hibert, C., Malet, J.-P., Toney, L.D., and Jensen, E.K., 2022, Seismogenic Landslides and other Mass Movements (ver. 3.0, May 2025): U.S. Geological Survey data release, https://doi.org/10.5066/P90VGCSK.&lt;a href=""https%3A//doi.org/10.5066/P90VGCSK""&gt;https://doi.org/10.5066/P90VGCSK&lt;/a&gt;",58.77758,-136.88564,58.74666,-136.88693,,rock avalanche,Rock/ice/debris avalanches and slides,1900000.0,4200000.0,
40,,,,,331,NCEDC,,2024_02_20 072906,331,980.0,,,,,,4000.0,,,41.3882,0.0,-122.2069,0,,,,,,8.0,True,,,0.0,,,,,"Avalanche Gulch, Mount Shasta",4,,,,,,,2024_02_20 071022,"Collins, E.A., Allstadt, K.E., Groult, C., Hibert, C., Malet, J.-P., Toney, L.D., and Jensen, E.K., 2022, Seismogenic Landslides and other Mass Movements (ver. 3.0, May 2025): U.S. Geological Survey data release, https://doi.org/10.5066/P90VGCSK.&lt;a href=""https%3A//doi.org/10.5066/P90VGCSK""&gt;https://doi.org/10.5066/P90VGCSK&lt;/a&gt;",41.3592,-122.2337,41.3882,-122.2069,,snow avalanche,Snow avalanches,33000.0,330000.0,3300.0
41,,,,,295,IRIS,,2022_05_16 221231,295,,,,,,,,,,46.2046,0.4,-122.1994,0,,,,,,12.0,True,,,0.0,,2.0,True,True,Mount St Helens,2,,,,,,,2022_05_16 220846,"Collins, E.A., Allstadt, K.E., Groult, C., Hibert, C., Malet, J.-P., Toney, L.D., and Jensen, E.K., 2022, Seismogenic Landslides and other Mass Movements (ver. 2.0, December 2023): U.S. Geological Survey data release, https://doi.org/10.5066/P90VGCSK.&lt;a href=""https%3A//doi.org/10.5066/P90VGCSK""&gt;https://doi.org/10.5066/P90VGCSK&lt;/a&gt;",,,,,,snow avalanche,Snow avalanches,,,
42,,,,,328,IRIS,,2024_01_27 150330,328,800.0,1000.0,700.0,,,,2900.0,3200.0,2300.0,46.1959,0.0,-121.5129,0,,,,,,9.0,True,,,0.0,,0.0,,False,"White Salmon Glacier, Mount Adams",4,,,,,,,2024_01_27 144406,"Collins, E.A., Allstadt, K.E., Groult, C., Hibert, C., Malet, J.-P., Toney, L.D., and Jensen, E.K., 2022, Seismogenic Landslides and other Mass Movements (ver. 3.0, May 2025): U.S. Geological Survey data release, https://doi.org/10.5066/P90VGCSK.&lt;a href=""https%3A//doi.org/10.5066/P90VGCSK""&gt;https://doi.org/10.5066/P90VGCSK&lt;/a&gt;",46.18,-121.5415,46.1959,-121.5129,,snow avalanche,Snow avalanches,33000.0,330000.0,3300.0
43,,,,,313,"NCEDC, IRIS",,2022_07_11 035325,313,,,,,,,,,,41.3907,1.0,-122.1855,0,,,,10.0,1.0,14.0,True,,,0.0,,0.0,,False,"Mud Creek, Mount Shasta",2,,,,,,,2022_07_10 220821,"Collins, E.A., Allstadt, K.E., Groult, C., Hibert, C., Malet, J.-P., Toney, L.D., and Jensen, E.K., 2022, Seismogenic Landslides and other Mass Movements (ver. 3.0, May 2025): U.S. Geological Survey data release, https://doi.org/10.5066/P90VGCSK.&lt;a href=""https%3A//doi.org/10.5066/P90VGCSK""&gt;https://doi.org/10.5066/P90VGCSK&lt;/a&gt;",,,,,,debris flow,Lahar/debris flow/outburst flood,,,
44,,,,,305,IRIS,,2021_08_13 115851,305,,,,,,,,,,35.9098,0.0,-84.8607,0,,,,,,500.0,False,,,0.0,,257.0,True,True,Crab Orchard Mine,3,,,,,,,2021_08_13 115738,"Collins, E.A., Allstadt, K.E., Groult, C., Hibert, C., Malet, J.-P., Toney, L.D., and Jensen, E.K., 2022, Seismogenic Landslides and other Mass Movements (ver. 2.0, December 2023): U.S. Geological Survey data release, https://doi.org/10.5066/P90VGCSK.&lt;a href=""https%3A//doi.org/10.5066/P90VGCSK""&gt;https://doi.org/10.5066/P90VGCSK&lt;/a&gt;",,,,,,mine collapse,mine collapse,,,
45,,,,,279,"NCEDC, IRIS",,2021_07_02 020542,279,,,,,,,,,,41.3928,0.5,-122.1883,0,,,,0.0,,15.0,True,,,0.0,,0.0,,,"Mud Creek, Mount Shasta",4,,,,,,,2021_07_01 214546,"Collins, E.A., Allstadt, K.E., Groult, C., Hibert, C., Malet, J.-P., Toney, L.D., and Jensen, E.K., 2022, Seismogenic Landslides and other Mass Movements (ver. 2.0, December 2023): U.S. Geological Survey data release, https://doi.org/10.5066/P90VGCSK.&lt;a href=""https%3A//doi.org/10.5066/P90VGCSK""&gt;https://doi.org/10.5066/P90VGCSK&lt;/a&gt;",,,,,,debris flow,Lahar/debris flow/outburst flood,,,
46,,,,60000.0,309,"INGV, IRIS",,2014_02_27 165937,309,120.0,130.0,100.0,,,,270.0,300.0,250.0,43.8991,0.0,12.3444,1,,,,,,290.0,True,,,123.0,True,,,,"San Leo 2, Italy",5,,,,,,,2014_02_27 165806,"Collins, E.A., Allstadt, K.E., Groult, C., Hibert, C., Malet, J.-P., Toney, L.D., and Jensen, E.K., 2022, Seismogenic Landslides and other Mass Movements (ver. 3.0, May 2025): U.S. Geological Survey data release, https://doi.org/10.5066/P90VGCSK.&lt;a href=""https%3A//doi.org/10.5066/P90VGCSK""&gt;https://doi.org/10.5066/P90VGCSK&lt;/a&gt;",43.9014,12.3439,43.8991,12.3444,,"rock fall, rock and debris avalanche",Rock/ice/debris avalanches and slides,190000.0,300000.0,
47,,,,,317,"NCEDC, IRIS",,2022_07_30 205857,317,,,,,,,,,,41.3907,1.0,-122.1855,0,,,,6.0,1.0,34.0,True,,,0.0,,,,False,"Mud Creek, Mount Shasta",3,,,,,,,2022_07_30 200820,"Collins, E.A., Allstadt, K.E., Groult, C., Hibert, C., Malet, J.-P., Toney, L.D., and Jensen, E.K., 2022, Seismogenic Landslides and other Mass Movements (ver. 3.0, May 2025): U.S. Geological Survey data release, https://doi.org/10.5066/P90VGCSK.&lt;a href=""https%3A//doi.org/10.5066/P90VGCSK""&gt;https://doi.org/10.5066/P90VGCSK&lt;/a&gt;",,,,,,debris flow,Lahar/debris flow/outburst flood,,,
48,,,,,307,"IRIS, RESIF, ETH, INGV",,2023_06_15 213949,307,,,,,,,,,,46.6758,0.2,9.5936,0,,,,,,240.0,True,,,0.0,,,,,"Brienz-Brinzauls, Switzerland",4,,,,,,,2023_06_15 213742,"Collins, E.A., Allstadt, K.E., Groult, C., Hibert, C., Malet, J.-P., Toney, L.D., and Jensen, E.K., 2022, Seismogenic Landslides and other Mass Movements (ver. 2.0, December 2023): U.S. Geological Survey data release, https://doi.org/10.5066/P90VGCSK.&lt;a href=""https%3A//doi.org/10.5066/P90VGCSK""&gt;https://doi.org/10.5066/P90VGCSK&lt;/a&gt;",,,,,,rock slide,Rock/ice/debris avalanches and slides,2000000.0,,1200000.0
49,,,,,282,"NCEDC, IRIS",,2021_09_10 141412,282,,,,,,,,,,41.4293,0.5,-122.2059,0,,,,10.0,1.0,12.0,True,,,0.0,,0.0,,,"Whitney Creek, Mount Shasta",4,,,,,,,2021_09_10 080231,"Collins, E.A., Allstadt, K.E., Groult, C., Hibert, C., Malet, J.-P., Toney, L.D., and Jensen, E.K., 2022, Seismogenic Landslides and other Mass Movements (ver. 2.0, December 2023): U.S. Geological Survey data release, https://doi.org/10.5066/P90VGCSK.&lt;a href=""https%3A//doi.org/10.5066/P90VGCSK""&gt;https://doi.org/10.5066/P90VGCSK&lt;/a&gt;",,,,,,debris flow,Lahar/debris flow/outburst flood,,,
50,,,,,303,"IRIS, ETH",,2015_10_19 072542,303,1020.0,1060.0,970.0,,,,1700.0,,,46.1012,0.0,7.4657,0,,,,,,46.0,True,,,0.0,,,,,"Mel de la Niva, Switzerland",5,,,,,,,2015_10_19 072351,"Collins, E.A., Allstadt, K.E., Groult, C., Hibert, C., Malet, J.-P., Toney, L.D., and Jensen, E.K., 2022, Seismogenic Landslides and other Mass Movements (ver. 2.0, December 2023): U.S. Geological Survey data release, https://doi.org/10.5066/P90VGCSK.&lt;a href=""https%3A//doi.org/10.5066/P90VGCSK""&gt;https://doi.org/10.5066/P90VGCSK&lt;/a&gt;",46.1081,7.4842,46.1012,7.4657,,rock fall,Rock/debris falls,1750.0,2000.0,1500.0
51,,,,1100000.0,304,"INGV, RESIF, ETH",,2005_08_25 023804,304,1700.0,,,,,,3000.0,,,45.9356,,7.88,1,,,,,,299.0,True,,,280.0,True,,,,"Monte Rosa, Italy",5,,,,,,,2005_08_25 023611,"Collins, E.A., Allstadt, K.E., Groult, C., Hibert, C., Malet, J.-P., Toney, L.D., and Jensen, E.K., 2022, Seismogenic Landslides and other Mass Movements (ver. 2.0, December 2023): U.S. Geological Survey data release, https://doi.org/10.5066/P90VGCSK.&lt;a href=""https%3A//doi.org/10.5066/P90VGCSK""&gt;https://doi.org/10.5066/P90VGCSK&lt;/a&gt;",,,,,,ice avalanche,Rock/ice/debris avalanches and slides,1400000.0,,
52,,,,,289,IRIS,,2022_10_11 214603,289,,,,,,,,,,45.3663,0.2,-121.6975,0,,,,,,35.0,True,,,0.0,,,,,"Steel Cliffs, Mount Hood",2,,,,,,,2022_10_11 214450,"Collins, E.A., Allstadt, K.E., Groult, C., Hibert, C., Malet, J.-P., Toney, L.D., and Jensen, E.K., 2022, Seismogenic Landslides and other Mass Movements (ver. 2.0, December 2023): U.S. Geological Survey data release, https://doi.org/10.5066/P90VGCSK.&lt;a href=""https%3A//doi.org/10.5066/P90VGCSK""&gt;https://doi.org/10.5066/P90VGCSK&lt;/a&gt;",,,,,,rock fall,Rock/debris falls,,,
53,,,,1090000.0,268,IRIS,,2009_08_08 222128,268,650.0,,,,,,3000.0,,,23.162,0.0,120.644,1,,,,,,219.0,True,,,282.0,False,,,,"Hsiaolin, Taiwan",5,70649.0,,,,,,2009_08_08 221616,"Collins, E.A., Allstadt, K.E., Groult, C., Hibert, C., Malet, J.-P., Toney, L.D., and Jensen, E.K., 2022, Seismogenic Landslides and other Mass Movements (ver. 2.0, December 2023): U.S. Geological Survey data release, https://doi.org/10.5066/P90VGCSK.&lt;a href=""https%3A//doi.org/10.5066/P90VGCSK""&gt;https://doi.org/10.5066/P90VGCSK&lt;/a&gt;",,,,,519.5,"debris avalanche, debris flow",Rock/ice/debris avalanches and slides,25000000.0,26000000.0,22000000.0
54,,,,1900000.0,311,"IRIS, ORFEUS",,2023_08_03 121915,311,1800.0,1900.0,1700.0,,,,15900.0,16200.0,15700.0,42.7397,0.1,43.7615,0,,,,,,269.0,True,,,0.0,,,,,"Tbilisa Glacier-Shovi 2, Georgia",4,,,,,,,2023_08_03 105906,"Collins, E.A., Allstadt, K.E., Groult, C., Hibert, C., Malet, J.-P., Toney, L.D., and Jensen, E.K., 2022, Seismogenic Landslides and other Mass Movements (ver. 3.0, May 2025): U.S. Geological Survey data release, https://doi.org/10.5066/P90VGCSK.&lt;a href=""https%3A//doi.org/10.5066/P90VGCSK""&gt;https://doi.org/10.5066/P90VGCSK&lt;/a&gt;",42.7032,43.5946,42.7397,43.7615,,"outburst flood, debris flow",Lahar/debris flow/outburst flood,2000000.0,5000000.0,1100000.0
55,,,,,274,IRIS,,2018_10_10 141336,274,850.0,,,,,,1400.0,,,31.0828,0.0,98.6982,1,,,,,,771.0,True,,,1090.0,False,,,,"Baige, Tibet",5,,,,,,,2018_10_10 140936,"Collins, E.A., Allstadt, K.E., Groult, C., Hibert, C., Malet, J.-P., Toney, L.D., and Jensen, E.K., 2022, Seismogenic Landslides and other Mass Movements (ver. 2.0, December 2023): U.S. Geological Survey data release, https://doi.org/10.5066/P90VGCSK.&lt;a href=""https%3A//doi.org/10.5066/P90VGCSK""&gt;https://doi.org/10.5066/P90VGCSK&lt;/a&gt;",31.0811,98.7217,31.0828,98.6982,,rock slide,Rock/ice/debris avalanches and slides,24500000.0,,
56,57000.0,76000.0,37000.0,950000.0,294,IRIS,,2022_09_15 050544,294,700.0,750.0,650.0,,,,1800.0,1900.0,1700.0,60.1648,0.0,-148.9901,1,9000000000.0,,,,,499.0,False,,,500.0,False,,,False,Ellsworth Glacier,4,,,,,,,2022_09_15 050134,"Collins, E.A., Allstadt, K.E., Groult, C., Hibert, C., Malet, J.-P., Toney, L.D., and Jensen, E.K., 2022, Seismogenic Landslides and other Mass Movements (ver. 2.0, December 2023): U.S. Geological Survey data release, https://doi.org/10.5066/P90VGCSK.&lt;a href=""https%3A//doi.org/10.5066/P90VGCSK""&gt;https://doi.org/10.5066/P90VGCSK&lt;/a&gt;",60.1531,-148.9761,60.1648,-148.9901,,rock avalanche,Rock/ice/debris avalanches and slides,2100000.0,3100000.0,1400000.0
57,,,,,332,IRIS,,2023_05_28 172019,332,900.0,1100.0,700.0,,,,1200.0,1300.0,1000.0,46.8668,0.2,-121.7702,0,,,,,,40.0,True,,,0.0,,17.0,True,True,"Willis Wall, Mount Rainier",4,,,,,,,2023_05_28 171838,"Collins, E.A., Allstadt, K.E., Groult, C., Hibert, C., Malet, J.-P., Toney, L.D., and Jensen, E.K., 2022, Seismogenic Landslides and other Mass Movements (ver. 3.0, May 2025): U.S. Geological Survey data release, https://doi.org/10.5066/P90VGCSK.&lt;a href=""https%3A//doi.org/10.5066/P90VGCSK""&gt;https://doi.org/10.5066/P90VGCSK&lt;/a&gt;",46.8769,-121.7655,46.8668,-121.7702,,ice fall,Rock/debris falls,,,
58,,,,,327,IRIS,,2024_02_10 200513,327,400.0,600.0,300.0,,,,500.0,700.0,400.0,46.8406,0.1,-121.7499,0,,,,,,17.0,True,,,0.0,,8.0,True,True,"Nisqually, Mount Rainier",3,,,,,,,2024_02_10 200323,"Collins, E.A., Allstadt, K.E., Groult, C., Hibert, C., Malet, J.-P., Toney, L.D., and Jensen, E.K., 2022, Seismogenic Landslides and other Mass Movements (ver. 3.0, May 2025): U.S. Geological Survey data release, https://doi.org/10.5066/P90VGCSK.&lt;a href=""https%3A//doi.org/10.5066/P90VGCSK""&gt;https://doi.org/10.5066/P90VGCSK&lt;/a&gt;",46.8374,-121.7451,46.8406,-121.7499,,"ice fall, snow avalanche",Snow avalanches,,,
59,350000.0,400000.0,260000.0,4800000.0,267,IRIS,,2017_12_16 120706,267,1200.0,1300.0,1100.0,,,,10800.0,12000.0,,-43.3599,0.0,-72.43125,1,,,,,,331.0,True,,,433.0,False,,,,"Villa Santa Lucía, Chile",5,300000.0,,,30.0,20.0,50.0,2017_12_16 120213,"Collins, E.A., Allstadt, K.E., Groult, C., Hibert, C., Malet, J.-P., Toney, L.D., and Jensen, E.K., 2022, Seismogenic Landslides and other Mass Movements (ver. 2.0, December 2023): U.S. Geological Survey data release, https://doi.org/10.5066/P90VGCSK.&lt;a href=""https%3A//doi.org/10.5066/P90VGCSK""&gt;https://doi.org/10.5066/P90VGCSK&lt;/a&gt;",-43.42634,-72.37298,-43.3599,-72.43125,,"rock slide, debris flow",Rock/ice/debris avalanches and slides,7200000.0,12500000.0,3400000.0
60,41000.0,52000.0,34000.0,510000.0,310,"IRIS, ORFEUS",,2023_08_03 105917,310,790.0,940.0,660.0,,,,1800.0,2100.0,1500.0,42.7495,0.0,43.7694,1,,,,,,270.0,True,,,489.0,True,,,,"Tbilisa Glacier-Shovi 1, Georgia",4,,,,,,,2023_08_03 105653,"Collins, E.A., Allstadt, K.E., Groult, C., Hibert, C., Malet, J.-P., Toney, L.D., and Jensen, E.K., 2022, Seismogenic Landslides and other Mass Movements (ver. 3.0, May 2025): U.S. Geological Survey data release, https://doi.org/10.5066/P90VGCSK.&lt;a href=""https%3A//doi.org/10.5066/P90VGCSK""&gt;https://doi.org/10.5066/P90VGCSK&lt;/a&gt;",42.7397,43.7615,42.7495,43.7694,,rock and ice avalanche,Rock/ice/debris avalanches and slides,1200000.0,,560000.0
61,,,,,320,IRIS,,2023_08_16 000658,320,,,,,,,4600.0,5900.0,3200.0,46.8203,0.1,-121.8091,0,,,,11.0,,21.0,True,,,0.0,,7.0,True,True,"Tahoma Creek, Mount Rainier",4,,,,,1.5,2.0,2023_08_15 232316,"Collins, E.A., Allstadt, K.E., Groult, C., Hibert, C., Malet, J.-P., Toney, L.D., and Jensen, E.K., 2022, Seismogenic Landslides and other Mass Movements (ver. 3.0, May 2025): U.S. Geological Survey data release, https://doi.org/10.5066/P90VGCSK.&lt;a href=""https%3A//doi.org/10.5066/P90VGCSK""&gt;https://doi.org/10.5066/P90VGCSK&lt;/a&gt;",,,46.8203,-121.8091,,"outburst flood, debris flow",Lahar/debris flow/outburst flood,,,
62,,,,450000.0,326,IRIS,,2024_08_07 125839,326,,,460.0,,,,1500.0,,,59.9076,0.0,-149.8217,1,,,,,,472.0,False,,,498.0,False,0.0,,False,Pedersen Lagoon,4,,,,,,,2024_08_07 125442,"Collins, E.A., Allstadt, K.E., Groult, C., Hibert, C., Malet, J.-P., Toney, L.D., and Jensen, E.K., 2022, Seismogenic Landslides and other Mass Movements (ver. 3.0, May 2025): U.S. Geological Survey data release, https://doi.org/10.5066/P90VGCSK.&lt;a href=""https%3A//doi.org/10.5066/P90VGCSK""&gt;https://doi.org/10.5066/P90VGCSK&lt;/a&gt;",,,59.9038,-149.8246,,landslide,Rock/ice/debris avalanches and slides,4300000.0,4900000.0,3400000.0
63,25000.0,42000.0,17000.0,1000000.0,283,IRIS,,2020_10_17 212118,283,770.0,790.0,750.0,,,,2200.0,2500.0,2000.0,61.2411,0.0,-147.9429,1,,,,,,344.0,True,,,500.0,False,0.0,,False,Barry Arm,4,,,,,,,2020_10_17 211800,"Collins, E.A., Allstadt, K.E., Groult, C., Hibert, C., Malet, J.-P., Toney, L.D., and Jensen, E.K., 2022, Seismogenic Landslides and other Mass Movements (ver. 2.0, December 2023): U.S. Geological Survey data release, https://doi.org/10.5066/P90VGCSK.&lt;a href=""https%3A//doi.org/10.5066/P90VGCSK""&gt;https://doi.org/10.5066/P90VGCSK&lt;/a&gt;",61.2492,-147.9713,61.2411,-147.9429,,rock and ice avalanche,Rock/ice/debris avalanches and slides,370000.0,560000.0,250000.0
64,14000.0,21000.0,7000.0,91000.0,288,IRIS,,2013_05_12 190557,288,350.0,,,,,,580.0,640.0,530.0,56.9267,0.0,-135.1338,0,,,,,,19.0,True,,,0.0,,,,,Redoubt Lake,4,,,,,,,2013_05_12 190443,"Collins, E.A., Allstadt, K.E., Groult, C., Hibert, C., Malet, J.-P., Toney, L.D., and Jensen, E.K., 2022, Seismogenic Landslides and other Mass Movements (ver. 2.0, December 2023): U.S. Geological Survey data release, https://doi.org/10.5066/P90VGCSK.&lt;a href=""https%3A//doi.org/10.5066/P90VGCSK""&gt;https://doi.org/10.5066/P90VGCSK&lt;/a&gt;",56.9222,-135.1368,56.9267,-135.1338,,landslide,Rock/ice/debris avalanches and slides,160000.0,260000.0,100000.0
65,330000.0,400000.0,250000.0,7300000.0,286,IRIS,,2022_09_17 181409,286,1080.0,1100.0,1000.0,,,,6300.0,6400.0,6200.0,58.7405,0.0,-136.9573,1,,,,,,500.0,False,,,500.0,False,200.0,True,True,Lamplugh Glacier,4,,,,,,,2022_09_17 181018,"Collins, E.A., Allstadt, K.E., Groult, C., Hibert, C., Malet, J.-P., Toney, L.D., and Jensen, E.K., 2022, Seismogenic Landslides and other Mass Movements (ver. 2.0, December 2023): U.S. Geological Survey data release, https://doi.org/10.5066/P90VGCSK.&lt;a href=""https%3A//doi.org/10.5066/P90VGCSK""&gt;https://doi.org/10.5066/P90VGCSK&lt;/a&gt;",58.7628,-136.8609,58.7405,-136.9573,,rock avalanche,Rock/ice/debris avalanches and slides,14000000.0,20000000.0,10000000.0
66,,,,,306,"IRIS, INGV, ETH",,2014_11_12 121609,306,1600.0,,,,,,2000.0,,,46.4535,0.0,12.2607,1,,,,,,382.0,True,,,73.0,True,,,,"Antelao, Italy",5,,,,,,,2014_11_12 121409,"Collins, E.A., Allstadt, K.E., Groult, C., Hibert, C., Malet, J.-P., Toney, L.D., and Jensen, E.K., 2022, Seismogenic Landslides and other Mass Movements (ver. 2.0, December 2023): U.S. Geological Survey data release, https://doi.org/10.5066/P90VGCSK.&lt;a href=""https%3A//doi.org/10.5066/P90VGCSK""&gt;https://doi.org/10.5066/P90VGCSK&lt;/a&gt;",46.4642,12.2377,46.4535,12.2607,,rock slide,Rock/ice/debris avalanches and slides,680000.0,,
67,,,,,315,"NCEDC, IRIS",,2022_07_26 082142,315,,,,,,,,,,41.3907,1.0,-122.1855,0,,,,10.0,1.0,34.0,True,,,0.0,,10.0,True,True,"Mud Creek, Mount Shasta",3,,,,,,,2022_07_25 223224,"Collins, E.A., Allstadt, K.E., Groult, C., Hibert, C., Malet, J.-P., Toney, L.D., and Jensen, E.K., 2022, Seismogenic Landslides and other Mass Movements (ver. 3.0, May 2025): U.S. Geological Survey data release, https://doi.org/10.5066/P90VGCSK.&lt;a href=""https%3A//doi.org/10.5066/P90VGCSK""&gt;https://doi.org/10.5066/P90VGCSK&lt;/a&gt;",,,,,,debris flow,Lahar/debris flow/outburst flood,,,
68,,,,,300,"IRIS, NCEDC, SCEDC",,2023_02_20 194148,300,450.0,,,,,,250.0,,,37.73108,0.0,-119.62716,0,,,,,,198.0,True,,,0.0,,,,,El Capitan,4,,,,,,,2023_02_20 194059,"Collins, E.A., Allstadt, K.E., Groult, C., Hibert, C., Malet, J.-P., Toney, L.D., and Jensen, E.K., 2022, Seismogenic Landslides and other Mass Movements (ver. 2.0, December 2023): U.S. Geological Survey data release, https://doi.org/10.5066/P90VGCSK.&lt;a href=""https%3A//doi.org/10.5066/P90VGCSK""&gt;https://doi.org/10.5066/P90VGCSK&lt;/a&gt;",,,,,,rock fall,Rock/debris falls,1595.0,,
69,,,,,296,IRIS,,2022_09_01 204705,296,,,,,,,,,,46.1985,0.4,-122.1759,0,,,,,,4.0,True,,,0.0,,,,False,Mount St Helens 1,1,,,,,,,2022_09_01 204553,"Collins, E.A., Allstadt, K.E., Groult, C., Hibert, C., Malet, J.-P., Toney, L.D., and Jensen, E.K., 2022, Seismogenic Landslides and other Mass Movements (ver. 2.0, December 2023): U.S. Geological Survey data release, https://doi.org/10.5066/P90VGCSK.&lt;a href=""https%3A//doi.org/10.5066/P90VGCSK""&gt;https://doi.org/10.5066/P90VGCSK&lt;/a&gt;",,,,,,rock fall,Rock/debris falls,,,
70,160000.0,,,,322,"IRIS, GEOFON",,2023_09_16 124211,322,350.0,400.0,300.0,,,,2200.0,,1600.0,72.808,0.0,-26.944,1,55000000000.0,103000000000.0,,,,957.0,False,,,957.0,False,3310.0,False,True,"Dickson Fjord, Greenland",5,,,,,,,2023_09_16 123545,"Collins, E.A., Allstadt, K.E., Groult, C., Hibert, C., Malet, J.-P., Toney, L.D., and Jensen, E.K., 2022, Seismogenic Landslides and other Mass Movements (ver. 3.0, May 2025): U.S. Geological Survey data release, https://doi.org/10.5066/P90VGCSK.&lt;a href=""https%3A//doi.org/10.5066/P90VGCSK""&gt;https://doi.org/10.5066/P90VGCSK&lt;/a&gt;",,,,,,"rock slide, rock and ice avalanche",Rock/ice/debris avalanches and slides,25500000.0,27500000.0,23800000.0
71,,,,,297,IRIS,,2022_09_01 205627,297,,,,,,,,,,46.2049,0.4,-122.1742,0,,,,,,5.0,True,,,0.0,,,,False,Mount St Helens 2,1,,,,,,,2022_09_01 205421,"Collins, E.A., Allstadt, K.E., Groult, C., Hibert, C., Malet, J.-P., Toney, L.D., and Jensen, E.K., 2022, Seismogenic Landslides and other Mass Movements (ver. 2.0, December 2023): U.S. Geological Survey data release, https://doi.org/10.5066/P90VGCSK.&lt;a href=""https%3A//doi.org/10.5066/P90VGCSK""&gt;https://doi.org/10.5066/P90VGCSK&lt;/a&gt;",,,,,,rock fall,Rock/debris falls,,,
72,3500000.0,,,,275,IRIS,,2009_08_10 110853,275,1500.0,,,,,,7200.0,7500.0,7000.0,23.2281,0.0,120.7517,1,,,,,,208.0,True,,,277.0,False,,,,"Butangbunasi, Taiwan",5,,,,,,,2009_08_10 110556,"Collins, E.A., Allstadt, K.E., Groult, C., Hibert, C., Malet, J.-P., Toney, L.D., and Jensen, E.K., 2022, Seismogenic Landslides and other Mass Movements (ver. 2.0, December 2023): U.S. Geological Survey data release, https://doi.org/10.5066/P90VGCSK.&lt;a href=""https%3A//doi.org/10.5066/P90VGCSK""&gt;https://doi.org/10.5066/P90VGCSK&lt;/a&gt;",23.1831,120.7782,23.2281,120.7517,,landslide,Rock/ice/debris avalanches and slides,83800000.0,,
73,,,,,319,"NCEDC, IRIS",,2022_08_03 032337,319,,,,,,,,,,41.3907,1.0,-122.1855,0,,,,0.0,,14.0,False,,,0.0,,,,False,"Mud Creek, Mount Shasta",3,,,,,,,2022_08_03 012901,"Collins, E.A., Allstadt, K.E., Groult, C., Hibert, C., Malet, J.-P., Toney, L.D., and Jensen, E.K., 2022, Seismogenic Landslides and other Mass Movements (ver. 3.0, May 2025): U.S. Geological Survey data release, https://doi.org/10.5066/P90VGCSK.&lt;a href=""https%3A//doi.org/10.5066/P90VGCSK""&gt;https://doi.org/10.5066/P90VGCSK&lt;/a&gt;",,,,,,debris flow,Lahar/debris flow/outburst flood,,,
