time,latitude,longitude,depth,mag,magType,nst,gap,dmin,rms,net,id,updated,place,type,horizontalError,depthError,magError,magNst,status,locationSource,magSource
2025-04-18T01:38:48.280Z,40.4758333333333,-111.926333333333,-2,1.8,ml,13,102,0.02949,0.27,uu,uu80105956,2025-06-17T21:23:38.040Z,"1 km SE of Bluffdale, Utah",quarry blast,0.56,31.61,0.224104170071187,8,reviewed,uu,uu
2025-04-14T20:04:37.786Z,43.6779,-105.314,0,3.3,ml,20,75,1.025,0.28,us,us6000q61i,2025-06-14T18:26:43.040Z,"16 km ESE of Wright, Wyoming",mining explosion,7.33,1.731,0.128,8,reviewed,us,us
2025-04-13T17:16:36.850Z,43.7123,-105.2701,0,2.9,ml,19,77,0.981,0.7,us,us6000q5t9,2025-06-14T18:26:42.040Z,"18 km ESE of Wright, Wyoming",mining explosion,5.36,1.798,0.148,6,reviewed,us,us
2025-04-11T20:55:22.416Z,40.6453,-109.5046,0,3.3,ml,58,48,0.089,0.45,us,us6000q5i2,2025-06-14T18:26:41.040Z,"19 km NNE of Maeser, Utah",mining explosion,3.47,1.76,0.032,126,reviewed,us,us
2025-04-11T19:54:21.584Z,43.6096,-105.3571,0,3.2,ml,32,74,1.084,0.89,us,us6000q5hs,2025-06-14T18:26:41.040Z,"19 km SE of Wright, Wyoming",mining explosion,6.85,1.736,0.046,61,reviewed,us,us
2025-04-11T17:56:15.720Z,43.8084,-105.3385,0,3.1,ml,46,67,0.991,0.6,us,us6000q5gj,2025-06-14T18:26:41.040Z,"13 km ENE of Wright, Wyoming",mining explosion,6.56,1.755,0.046,62,reviewed,us,us
2025-04-10T23:42:07.885Z,43.5637,-105.3664,0,2.5,ml,14,123,1.112,1.29,us,us7000putc,2025-06-14T18:26:45.040Z,"23 km SSE of Wright, Wyoming",mining explosion,5.68,1.844,0.07,27,reviewed,us,us
2025-04-07T18:04:28.549Z,43.7136,-105.3651,0,3.3,ml,20,77,1.043,0.32,us,us6000q4ld,2025-06-09T13:38:38.040Z,"11 km ESE of Wright, Wyoming",mining explosion,6.23,1.719,0.128,8,reviewed,us,us
2025-04-05T19:21:37.402Z,43.7111,-105.2431,0,3.2,ml,25,107,0.964,0.84,us,us6000q4ag,2025-06-09T13:38:38.040Z,"20 km ESE of Wright, Wyoming",mining explosion,4.24,1.56,0.043,77,reviewed,us,us
2025-04-04T19:56:52.687Z,43.7975,-105.3525,0,3.3,ml,65,32,1.004,0.52,us,us6000q41i,2025-06-09T13:38:38.040Z,"12 km ENE of Wright, Wyoming",mining explosion,5.84,1.717,0.041,79,reviewed,us,us
2025-04-04T19:08:48.360Z,43.4358,-105.333,0,3,ml,32,129,1.163,0.87,us,us6000q68c,2025-06-09T13:38:38.040Z,"37 km SSE of Wright, Wyoming",mining explosion,5.59,1.632,0.045,65,reviewed,us,us
2025-04-01T00:14:46.981Z,43.7863,-105.36,0,2.6,ml,7,125,1.013,0.9,us,us6000q5ez,2025-06-06T21:12:23.040Z,"11 km ENE of Wright, Wyoming",mining explosion,3.54,1.623,0.071,26,reviewed,us,us
2025-03-30T19:15:19.210Z,43.6618,-105.3408,0,3.2,ml,22,74,1.049,0.57,us,us7000pnwy,2025-06-06T21:12:28.040Z,"15 km SE of Wright, Wyoming",mining explosion,4.88,1.745,0.05,53,reviewed,us,us
2025-03-22T19:22:27.098Z,43.7297,-105.3806,0,3,ml,13,78,1.048,0.29,us,us7000plwr,2025-05-29T17:36:29.040Z,"9 km ESE of Wright, Wyoming",mining explosion,5.94,1.914,0.055,44,reviewed,us,us
2025-03-21T22:00:46.800Z,40.829,-111.886166666667,-2,1.64,ml,14,55,0.03447,0.14,uu,uu80104251,2025-05-29T17:36:28.040Z,"2 km SE of North Salt Lake, Utah",quarry blast,0.36,31.61,0.244056137892902,4,reviewed,uu,uu
2025-03-21T19:16:35.232Z,43.7928,-105.3328,0,3.3,ml,22,51,0.992,0.75,us,us7000pner,2025-05-29T17:36:34.040Z,"13 km ENE of Wright, Wyoming",mining explosion,6.4,1.74,0.043,70,reviewed,us,us
2025-03-20T20:09:10.407Z,43.7876,-105.363,0,3.4,ml,20,81,1.015,0.46,us,us7000pnds,2025-05-29T17:36:34.040Z,"11 km ENE of Wright, Wyoming",mining explosion,7.35,1.746,0.128,8,reviewed,us,us
2025-03-16T19:25:32.980Z,43.6649,-105.3123,0,3.3,ml,18,74,1.029,0.53,us,us6000pz7k,2025-05-17T19:20:03.040Z,"17 km ESE of Wright, Wyoming",mining explosion,5.65,1.724,0.128,8,reviewed,us,us
2025-03-13T19:57:09.563Z,43.8896,-105.299,0,3.4,ml,21,88,0.94,0.95,us,us6000pynn,2025-05-17T19:20:03.040Z,"21 km NE of Wright, Wyoming",mining explosion,6.15,1.763,0.128,8,reviewed,us,us
2025-03-12T20:04:50.656Z,43.6341,-105.1252,0,3,ml,24,80,0.926,0.81,us,us7000plkb,2025-05-17T19:20:03.040Z,"32 km ESE of Wright, Wyoming",mining explosion,7.51,1.738,0.052,55,reviewed,us,us
2025-03-07T21:02:16.306Z,43.673,-105.329,0,3.3,ml,66,39,1.345,0.71,us,us6000pxi3,2025-05-16T17:30:02.040Z,"15 km ESE of Wright, Wyoming",mining explosion,3.28,1.846,0.041,78,reviewed,us,us
2025-03-05T20:17:52.649Z,43.5589,-105.3792,0,2.9,ml,11,118,1.123,1.07,us,us6000pymz,2025-05-16T17:30:05.040Z,"23 km SSE of Wright, Wyoming",mining explosion,4.44,1.719,0.066,34,reviewed,us,us
2025-03-02T19:00:04.407Z,43.8084,-105.3466,0,3.2,ml,22,83,0.997,0.48,us,us6000pwha,2025-05-08T19:24:39.040Z,"13 km ENE of Wright, Wyoming",mining explosion,5.94,1.419,0.128,8,reviewed,us,us
2025-03-01T20:12:09.712Z,43.5172,-105.2039,0,2.7,ml,13,82,1.039,0.81,us,us6000pxzu,2025-05-08T19:24:40.040Z,"34 km SE of Wright, Wyoming",mining explosion,3.85,0.896,0.074,24,reviewed,us,us
2025-02-28T20:13:20.967Z,43.5134,-105.3252,0,3.2,ml,38,78,1.114,0.62,us,us6000pxh4,2025-05-08T19:24:40.040Z,"29 km SSE of Wright, Wyoming",mining explosion,4.52,1.098,0.041,80,reviewed,us,us
2025-02-26T21:43:20.189Z,40.6383,-109.496,0,2.8,ml,48,48,0.088,0.54,us,us6000pvpq,2025-05-08T19:24:39.040Z,"19 km NNE of Maeser, Utah",mining explosion,1.44,1.688,0.038,90,reviewed,us,us
2025-02-25T21:02:18.124Z,43.8317,-105.3816,0,3.4,ml,28,82,1.014,0.45,us,us6000pvfw,2025-05-06T21:39:20.040Z,"12 km NE of Wright, Wyoming",mining explosion,6.26,1.742,0.059,38,reviewed,us,us
2025-02-24T21:44:16.401Z,43.6092,-105.2159,0,3,ml,13,148,0.995,0.48,us,us6000px24,2025-05-06T21:39:20.040Z,"27 km SE of Wright, Wyoming",mining explosion,5.32,1.666,0.069,28,reviewed,us,us
2025-02-24T19:12:23.591Z,43.731,-105.3708,0,3.4,ml,21,78,1.04,0.43,us,us6000pv6w,2025-05-06T21:39:20.040Z,"10 km ESE of Wright, Wyoming",mining explosion,6.12,1.735,0.128,8,reviewed,us,us
2025-02-19T22:06:34.795Z,40.6286,-109.4101,0,3.3,ml,38,86,0.134,0.72,us,us6000pvv4,2025-05-06T21:39:20.040Z,"21 km NNE of Vernal, Utah",mining explosion,2.4,1.699,0.036,102,reviewed,us,us
2025-02-18T22:54:31.195Z,43.493,-105.2707,0,2.8,ml,13,116,1.093,0.64,us,us6000pvng,2025-05-02T16:26:14.040Z,"33 km SSE of Wright, Wyoming",mining explosion,5.67,1.796,0.074,24,reviewed,us,us
2025-02-17T21:03:11.714Z,39.3586,-106.1439,0,2.4,ml,9,79,0.602,0.58,us,us7000peca,2025-05-02T16:26:21.040Z,"10 km NW of Alma, Colorado",mining explosion,1.46,1.569,0.05,52,reviewed,us,us
2025-02-15T20:08:36.673Z,43.6536,-105.2302,0,3,ml,15,76,0.982,0.66,us,us7000pe0j,2025-05-02T16:26:19.040Z,"23 km ESE of Wright, Wyoming",mining explosion,4.5,1.824,0.115,10,reviewed,us,us
2025-02-14T18:04:49.262Z,43.7362,-105.4083,0,3.4,ml,44,42,1.064,0.64,us,us7000pdt7,2025-05-02T16:26:18.040Z,"6 km ESE of Wright, Wyoming",mining explosion,6.17,1.736,0.037,94,reviewed,us,us
2025-02-06T20:11:05.297Z,43.5384,-105.2602,0,3,ml,16,79,1.06,0.81,us,us7000pbxm,2025-04-26T14:47:03.040Z,"30 km SE of Wright, Wyoming",mining explosion,5.22,1.7,0.148,6,reviewed,us,us
2025-02-05T21:00:53.995Z,43.7908,-105.3479,0,3.6,ml,23,59,1.003,0.55,us,us7000pbna,2025-04-26T14:47:02.040Z,"12 km ENE of Wright, Wyoming",mining explosion,6.71,1.734,0.051,54,reviewed,us,us
2025-02-05T18:59:10.693Z,43.8598,-105.331,0,3.1,ml,13,114,0.971,0.64,us,us7000pdgm,2025-04-26T14:47:09.040Z,"17 km NE of Wright, Wyoming",mining explosion,8.78,1.758,0.077,22,reviewed,us,us
2025-02-03T23:34:42.899Z,43.4419,-105.2614,0,2.6,ml,15,82,1.118,1.33,us,us7000pb4h,2025-04-15T20:55:31.040Z,"39 km SSE of Wright, Wyoming",mining explosion,4.77,1.083,0.069,28,reviewed,us,us
2025-02-01T23:43:32.708Z,43.8223,-105.2455,0,2.9,ml,13,127,0.923,0.87,us,us7000pc61,2025-04-15T20:55:33.040Z,"21 km ENE of Wright, Wyoming",mining explosion,5.87,1.811,0.074,24,reviewed,us,us
2025-02-01T21:02:59.607Z,43.6955,-105.3686,0,3.3,ml,40,71,1.053,1.27,us,us7000pape,2025-04-15T20:55:27.040Z,"11 km ESE of Wright, Wyoming",mining explosion,5.31,1.73,0.052,48,reviewed,us,us
2025-01-30T20:56:49.725Z,43.6341,-105.3691,0,2.9,ml,20,73,1.08,0.23,us,us7000pa5u,2025-04-15T20:55:25.040Z,"16 km SE of Wright, Wyoming",mining explosion,5.59,1.475,0.115,10,reviewed,us,us
2025-01-29T21:04:00.309Z,43.6941,-105.3596,0,3.5,ml,19,76,1.048,0.28,us,us7000p9x5,2025-04-15T20:55:24.040Z,"12 km ESE of Wright, Wyoming",mining explosion,7.25,1.74,0.042,84,reviewed,us,us
2025-01-23T20:02:01.877Z,43.675,-105.3158,0,3.2,ml,21,75,1.027,0.44,us,us6000plws,2025-04-08T22:00:58.040Z,"16 km ESE of Wright, Wyoming",mining explosion,6.34,1.722,0.115,10,reviewed,us,us
2025-01-18T22:55:31.665Z,43.81,-105.3717,0,2.7,ml,11,127,1.014,0.99,us,us7000p9mq,2025-03-29T22:12:47.040Z,"11 km NE of Wright, Wyoming",mining explosion,10.53,1.825,0.071,26,reviewed,us,us
2025-01-17T22:28:43.668Z,43.6867,-105.2415,0,3.2,ml,19,75,0.974,0.79,us,us6000pkuh,2025-03-29T22:12:42.040Z,"21 km ESE of Wright, Wyoming",mining explosion,7.21,1.81,0.05,52,reviewed,us,us
2025-01-17T19:59:59.170Z,43.8057,-105.3536,0,3.3,ml,28,111,1.002,0.7,us,us6000pkt9,2025-03-29T22:12:42.040Z,"12 km ENE of Wright, Wyoming",mining explosion,6.93,1.758,0.062,34,reviewed,us,us
2025-01-14T22:39:22.158Z,43.7974,-105.367,0,3.5,ml,28,58,1.014,0.59,us,us6000pk13,2025-03-20T20:54:43.040Z,"11 km ENE of Wright, Wyoming",mining explosion,6.24,1.756,0.045,64,reviewed,us,us
2025-01-11T20:08:41.190Z,43.7286,-105.3516,0,3.1,ml,52,62,1.029,0.65,us,us6000pln8,2025-03-20T20:54:44.040Z,"11 km ESE of Wright, Wyoming",mining explosion,5.59,1.833,0.042,76,reviewed,us,us
2025-01-10T23:00:27.633Z,43.68,-105.202,0,2.8,ml,11,129,0.951,0.65,us,us6000plm7,2025-03-20T20:54:44.040Z,"24 km ESE of Wright, Wyoming",mining explosion,4.58,1.542,0.081,20,reviewed,us,us
2025-01-10T18:04:17.772Z,43.5797,-105.3996,0,3.1,ml,49,60,1.125,1.04,us,us6000plm6,2025-03-20T20:54:44.040Z,"20 km SSE of Wright, Wyoming",mining explosion,5.25,1.38,0.045,64,reviewed,us,us
2025-01-08T21:34:13.019Z,43.5688,-105.2754,0,2.7,ml,18,126,1.053,0.53,us,us6000plaf,2025-03-20T20:54:43.040Z,"26 km SE of Wright, Wyoming",mining explosion,4.51,1.339,0.062,34,reviewed,us,us
2025-01-07T22:26:15.331Z,43.7183,-105.3094,0,2.7,ml,15,103,1.005,0.55,us,us6000pkrx,2025-03-17T21:35:14.040Z,"15 km ESE of Wright, Wyoming",mining explosion,2.47,1.674,0.071,26,reviewed,us,us
2025-01-07T18:06:38.683Z,43.6758,-105.322,0,2.7,ml,13,125,1.031,0.41,us,us6000pkrw,2025-03-17T21:35:12.040Z,"16 km ESE of Wright, Wyoming",mining explosion,4.02,1.787,0.069,32,reviewed,us,us
2025-01-06T20:39:58.609Z,43.8258,-105.2485,0,2.7,ml,16,127,0.924,0.54,us,us6000pknt,2025-03-17T21:34:59.040Z,"21 km ENE of Wright, Wyoming",mining explosion,5.37,1.81,0.062,34,reviewed,us,us
2025-01-05T21:13:57.724Z,43.7502,-105.3745,0,2.4,ml,7,120,1.036,0.64,us,us6000pkhb,2025-03-17T21:34:48.040Z,"9 km E of Wright, Wyoming",mining explosion,5.57,1.725,0.115,10,reviewed,us,us
2025-01-04T21:00:51.118Z,43.8286,-105.2885,0,3.5,ml,13,127,0.95,0.68,us,us6000phwb,2025-03-17T21:34:39.040Z,"18 km ENE of Wright, Wyoming",mining explosion,8.1,1.486,0.05,52,reviewed,us,us
2025-01-01T21:07:00.655Z,43.5491,-105.3661,0,3,ml,9,130,1.12,0.64,us,us6000pjs0,2025-03-17T21:34:09.040Z,"24 km SSE of Wright, Wyoming",mining explosion,4.39,1.174,0.064,36,reviewed,us,us
2024-12-30T21:24:23.760Z,43.6297,-105.2688,0,3,ml,14,114,1.018,1.33,us,us6000pj6z,2025-03-08T22:39:16.040Z,"22 km SE of Wright, Wyoming",mining explosion,7.03,1.638,0.074,24,reviewed,us,us
2024-12-30T20:26:15.738Z,43.6483,-105.3656,0,2.3,ml,21,74,1.071,0.62,us,us6000pj78,2025-03-08T22:39:08.040Z,"15 km SE of Wright, Wyoming",mining explosion,7.28,1.021,0.128,8,reviewed,us,us
2024-12-29T21:57:27.181Z,43.7063,-105.2677,0,2.6,ml,15,73,0.982,0.53,us,us6000pize,2025-03-08T22:39:16.040Z,"18 km ESE of Wright, Wyoming",mining explosion,6.79,1.714,0.074,24,reviewed,us,us
2024-12-24T22:57:49.452Z,43.7191,-105.3528,0,2.8,ml,16,70,1.033,0.51,us,us6000pi75,2025-03-08T22:39:15.040Z,"11 km ESE of Wright, Wyoming",mining explosion,3.78,1.63,0.069,28,reviewed,us,us
2024-12-22T21:01:06.650Z,43.7878,-105.3065,0,3.3,ml,19,81,0.976,0.61,us,us7000p0sr,2025-02-27T17:30:47.040Z,"15 km ENE of Wright, Wyoming",mining explosion,5.24,1.728,0.056,42,reviewed,us,us
2024-12-20T20:57:57.157Z,43.747,-105.2197,0,3.2,ml,25,79,0.933,0.94,us,us7000p0gy,2025-02-27T17:30:47.040Z,"21 km E of Wright, Wyoming",mining explosion,7.55,1.734,0.045,66,reviewed,us,us
2024-12-19T18:16:56.670Z,40.5253333333333,-112.154166666667,-2,1.37,md,16,64,0.06135,0.19,uu,uu80098121,2024-12-19T20:08:35.400Z,"4 km SSW of Bingham Canyon, Utah",quarry blast,0.4,31.61,0.372639968649997,10,reviewed,uu,uu
2024-12-19T17:54:41.520Z,40.581,-111.379666666667,-2,1.84,ml,11,113,0.03369,0.23,uu,uu80098116,2024-12-19T19:12:01.680Z,"6 km SSE of Hideout, Utah",quarry blast,0.82,31.61,0.0385746667415411,2,reviewed,uu,uu
2024-12-08T21:02:32.952Z,43.7699,-105.3879,0,3.3,ml,18,112,1.038,0.74,us,us7000nx4j,2025-02-15T18:31:09.040Z,"8 km ENE of Wright, Wyoming",mining explosion,5.73,1.591,0.049,54,reviewed,us,us
2024-12-06T19:02:23.691Z,43.7915,-105.3316,0,3.6,ml,50,41,0.992,0.55,us,us7000nwpk,2025-02-15T18:30:30.040Z,"13 km ENE of Wright, Wyoming",mining explosion,6.08,1.761,0.035,110,reviewed,us,us
2024-12-05T20:08:42.784Z,43.7106,-105.3095,0,3.1,ml,19,77,1.008,0.69,us,us7000nzu5,2025-02-15T18:31:37.040Z,"15 km ESE of Wright, Wyoming",mining explosion,7.29,1.737,0.115,10,reviewed,us,us
2024-12-02T19:01:12.103Z,43.7416,-105.3737,0,3.3,ml,25,79,1.038,0.44,us,us7000nvha,2025-02-15T18:29:02.040Z,"9 km E of Wright, Wyoming",mining explosion,5.91,1.482,0.115,10,reviewed,us,us
2024-11-30T20:01:45.434Z,43.6326,-105.3545,0,3.3,ml,12,73,1.071,0.38,us,us7000nv6e,2025-02-02T00:50:20.040Z,"17 km SE of Wright, Wyoming",mining explosion,5.58,1.539,0.052,48,reviewed,us,us
2024-11-25T20:45:35.767Z,43.5499,-105.4263,0,2.8,ml,20,74,1.157,0.54,us,us7000nxm7,2025-02-02T00:50:21.040Z,"22 km SSE of Wright, Wyoming",mining explosion,6.26,1.195,0.059,38,reviewed,us,us
2024-11-23T20:59:47.631Z,43.7051,-105.382,0,3,ml,13,120,1.058,1.07,us,us7000nwnf,2025-01-30T17:00:37.040Z,"10 km ESE of Wright, Wyoming",mining explosion,6.02,1.766,0.081,20,reviewed,us,us
2024-11-21T19:02:35.949Z,43.6911,-105.3445,0,3.1,ml,20,76,1.039,0.46,us,us6000p6u3,2025-01-30T17:00:31.040Z,"13 km ESE of Wright, Wyoming",mining explosion,7.47,1.362,0.115,10,reviewed,us,us
2024-11-20T20:05:54.333Z,43.5624,-105.3253,0,3.3,ml,21,77,1.087,1.02,us,us6000p6ma,2025-01-30T17:00:31.040Z,"24 km SSE of Wright, Wyoming",mining explosion,7.3,1.706,0.045,66,reviewed,us,us
2024-11-19T20:59:14.913Z,43.7137,-105.3334,0,3.4,ml,11,77,1.022,1.01,us,us6000p6fb,2025-01-30T17:00:30.040Z,"13 km ESE of Wright, Wyoming",mining explosion,3.22,1.74,0.045,70,reviewed,us,us
2024-11-19T19:03:29.248Z,43.806,-105.3713,0,3.2,ml,18,126,1.015,0.27,us,us6000p6f0,2025-01-30T17:00:30.040Z,"11 km ENE of Wright, Wyoming",mining explosion,4.25,1.743,0.048,60,reviewed,us,us
2024-11-18T21:57:42.701Z,40.6676,-109.4867,0,3,ml,34,85,0.115,0.54,us,us7000nsi7,2025-01-30T17:00:35.040Z,"22 km NNE of Maeser, Utah",mining explosion,2.49,1.703,0.045,66,reviewed,us,us
2024-11-17T20:15:41.158Z,43.5247,-105.3983,0,2.8,ml,16,110,1.152,0.62,us,us7000nsbc,2025-01-26T16:30:41.040Z,"26 km SSE of Wright, Wyoming",mining explosion,8.34,1.722,0.069,28,reviewed,us,us
2024-11-13T21:01:16.403Z,43.742,-105.3365,0,3.5,ml,36,106,1.013,0.54,us,us7000nux3,2025-01-26T16:30:59.040Z,"12 km E of Wright, Wyoming",mining explosion,6.91,1.349,0.045,70,reviewed,us,us
2024-11-10T20:04:48.708Z,43.7163,-105.2555,0,3.2,ml,19,77,0.97,0.43,us,us7000nuhp,2025-01-24T19:51:35.040Z,"19 km ESE of Wright, Wyoming",mining explosion,4.72,1.701,0.128,8,reviewed,us,us
2024-11-09T22:45:40.079Z,43.7816,-105.3856,0,2.7,ml,19,112,1.032,0.64,us,us7000nuay,2025-01-24T19:51:34.040Z,"9 km ENE of Wright, Wyoming",mining explosion,5.02,1.775,0.062,34,reviewed,us,us
2024-11-04T21:10:10.025Z,43.8342,-105.3562,0,3.3,ml,18,84,0.995,0.5,us,us7000npxg,2025-01-24T19:51:13.040Z,"14 km NE of Wright, Wyoming",mining explosion,3.63,1.708,0.045,72,reviewed,us,us
2024-11-02T21:50:30.792Z,43.5665,-105.3487,0,2.7,ml,13,124,1.1,1.32,us,us7000nplf,2025-01-16T18:47:28.040Z,"23 km SSE of Wright, Wyoming",mining explosion,4.24,1.059,0.062,34,reviewed,us,us
2024-10-30T20:53:50.967Z,43.6494,-105.2714,0,3.3,ml,17,75,1.01,0.29,us,us7000nsgn,2025-01-16T18:48:48.040Z,"21 km ESE of Wright, Wyoming",mining explosion,7.58,1.718,0.05,56,reviewed,us,us
2024-10-24T19:17:53.004Z,43.6796,-105.275,0,3,ml,20,75,0.999,0.44,us,us7000nmzk,2025-01-04T23:07:58.040Z,"19 km ESE of Wright, Wyoming",mining explosion,7.51,1.735,0.148,6,reviewed,us,us
2024-10-23T22:11:06.010Z,40.6093,-109.4427,0,3.2,ml,22,53,0.104,0.42,us,us7000nmrc,2025-01-04T23:07:47.040Z,"18 km NNE of Vernal, Utah",mining explosion,2.99,1.639,0.037,94,reviewed,us,us
2024-10-21T20:01:42.871Z,43.8697,-105.2657,0,3.2,ml,20,86,0.923,0.43,us,us7000nqqe,2025-01-04T23:08:40.040Z,"22 km NE of Wright, Wyoming",mining explosion,5.21,1.759,0.148,6,reviewed,us,us
2024-10-21T19:09:58.520Z,43.6335,-105.372,0,2.8,ml,17,73,1.082,0.34,us,us7000nmbh,2025-01-04T23:07:25.040Z,"16 km SE of Wright, Wyoming",mining explosion,7.06,1.415,0.148,6,reviewed,us,us
2024-10-17T19:20:18.880Z,43.6715,-105.3279,0,2.8,ml,19,75,1.037,0.4,us,us6000nzek,2024-12-26T23:04:31.040Z,"15 km SE of Wright, Wyoming",mining explosion,5.49,1.512,0.148,6,reviewed,us,us
2024-10-15T14:26:13.250Z,43.7066,-105.3753,0,2.9,ml,29,64,1.053,0.31,us,us7000npwp,2024-12-26T23:04:31.040Z,"10 km ESE of Wright, Wyoming",mining explosion,5.23,1.393,0.048,58,reviewed,us,us
2024-10-10T19:55:45.711Z,43.6459,-105.3051,0,3.1,ml,21,74,1.033,0.61,us,us6000nxy4,2024-12-23T15:46:37.040Z,"19 km SE of Wright, Wyoming",mining explosion,6.18,1.713,0.115,10,reviewed,us,us
2024-10-09T23:46:08.755Z,43.5754,-105.3301,0,2.6,ml,14,124,1.084,0.63,us,us7000nnv2,2024-12-23T15:47:49.040Z,"23 km SSE of Wright, Wyoming",mining explosion,5.48,1.803,0.071,26,reviewed,us,us
2024-10-09T19:25:01.316Z,41.1422,-112.9008,0,1.6,ml,17,110,0.242,0.52,us,us6000nxmd,2024-12-23T15:46:21.040Z,"65 km W of Hooper, Utah",quarry blast,1.37,1.342,0.057,40,reviewed,us,us
2024-10-08T21:18:39.073Z,40.6585,-109.5829,0,3.3,ml,31,158,0.819,0.85,us,us6000nxed,2024-12-23T15:46:08.040Z,"20 km N of Maeser, Utah",mining explosion,2.57,1.486,0.043,72,reviewed,us,us
2024-10-07T21:18:11.711Z,43.5934,-105.3357,0,2.9,ml,15,97,1.078,0.58,us,us6000nx5c,2024-12-23T15:45:55.040Z,"21 km SE of Wright, Wyoming",mining explosion,7.56,1.724,0.055,44,reviewed,us,us
2024-10-05T20:00:49.725Z,43.7752,-105.3302,0,3.1,ml,11,114,0.997,0.64,us,us7000nmxz,2024-12-14T14:51:34.040Z,"13 km ENE of Wright, Wyoming",mining explosion,4.23,1.694,0.074,24,reviewed,us,us
2024-09-26T22:02:57.770Z,43.6587,-105.1983,0,3.4,ml,27,93,0.959,1.04,us,us7000ngpj,2024-12-06T19:30:12.040Z,"25 km ESE of Wright, Wyoming",mining explosion,6.75,1.9,0.052,48,reviewed,us,us
2024-09-25T17:57:50.033Z,41.1324,-112.9107,0,1.6,ml,18,132,0.23,0.44,us,us7000ng7f,2024-12-06T19:30:12.040Z,"66 km W of Hooper, Utah",quarry blast,1.71,1.078,0.056,42,reviewed,us,us
2024-09-24T20:09:05.198Z,43.735,-105.3812,0,3.5,ml,17,122,1.046,0.49,us,us7000ng0i,2024-12-06T19:30:12.040Z,"9 km ESE of Wright, Wyoming",mining explosion,5.16,1.654,0.047,64,reviewed,us,us
2024-09-24T17:41:41.083Z,41.1701,-112.8992,0,1.7,ml,18,111,0.268,0.37,us,us7000nfz9,2024-12-06T19:30:11.040Z,"65 km W of Hooper, Utah",quarry blast,2.1,1.203,0.052,48,reviewed,us,us
2024-09-20T20:04:53.549Z,43.8016,-105.3107,0,3.3,ml,68,54,0.974,0.54,us,us6000ntde,2024-11-23T23:25:42.040Z,"15 km ENE of Wright, Wyoming",mining explosion,5.57,1.755,0.036,104,reviewed,us,us
2024-09-20T18:59:27.566Z,43.5959,-105.2135,0,3.4,ml,33,70,1.001,0.34,us,us6000ntcr,2024-11-23T23:25:41.040Z,"28 km SE of Wright, Wyoming",mining explosion,6.4,1.782,0.043,70,reviewed,us,us
2024-09-17T20:02:55.283Z,43.7517,-105.3487,0,3.4,ml,38,101,1.018,0.64,us,us6000nssk,2024-11-23T23:25:41.040Z,"11 km E of Wright, Wyoming",mining explosion,5.26,1.472,0.04,92,reviewed,us,us
2024-09-14T21:02:05.584Z,43.7178,-105.2688,0,3.1,ml,13,106,0.978,1.04,us,us7000nduj,2024-11-21T22:58:57.040Z,"18 km ESE of Wright, Wyoming",mining explosion,6.36,1.718,0.128,8,reviewed,us,us
2024-09-11T18:05:17.657Z,41.1667,-112.9418,0,1.7,ml,16,156,0.255,0.44,us,us7000nd4p,2024-11-21T22:58:55.040Z,"68 km W of Hooper, Utah",quarry blast,1.82,1.254,0.055,44,reviewed,us,us
2024-09-09T17:59:27.727Z,41.1274,-112.9209,0,1.9,ml,24,77,0.222,0.53,us,us6000nqr2,2024-11-21T22:58:52.040Z,"67 km W of Hooper, Utah",quarry blast,1.84,1.147,0.05,52,reviewed,us,us
2024-09-05T21:50:20.072Z,43.5859,-105.3211,0,2.8,ml,7,145,1.073,0.46,us,usa000p6bq,2024-11-15T16:19:46.040Z,"22 km SE of Wright, Wyoming",mining explosion,3.69,1.747,0.097,14,reviewed,us,us
2024-09-05T20:02:00.042Z,43.7202,-105.3605,0,3.2,ml,18,116,1.038,0.66,us,us6000npx2,2024-11-15T16:19:46.040Z,"11 km ESE of Wright, Wyoming",mining explosion,3.92,1.666,0.115,10,reviewed,us,us
2024-09-04T20:00:07.827Z,43.6644,-105.3562,0,3.3,ml,21,75,1.058,0.33,us,us6000npr0,2024-11-15T16:19:45.040Z,"14 km SE of Wright, Wyoming",mining explosion,4.74,1.628,0.048,64,reviewed,us,us
2024-09-03T21:13:09.062Z,40.6637,-109.5025,0,3.3,ml,42,48,0.106,0.48,us,us6000npk2,2024-11-15T16:19:45.040Z,"21 km NNE of Maeser, Utah",mining explosion,2.52,1.651,0.039,86,reviewed,us,us
2024-09-03T18:04:50.398Z,43.7016,-105.3599,0,3.5,ml,17,116,1.045,0.67,us,us6000npit,2024-11-15T16:19:45.040Z,"11 km ESE of Wright, Wyoming",mining explosion,4.94,1.641,0.05,54,reviewed,us,us
2024-08-31T19:21:27.169Z,43.6693,-105.3656,0,3.4,ml,11,105,1.062,0.8,us,us6000nnx2,2024-11-09T21:18:57.040Z,"13 km SE of Wright, Wyoming",mining explosion,5.65,1.748,0.062,34,reviewed,us,us
2024-08-28T20:01:14.495Z,43.7275,-105.3957,0,3.3,ml,15,78,1.058,0.74,us,us6000nnbh,2024-11-09T21:18:36.040Z,"8 km ESE of Wright, Wyoming",mining explosion,5.33,1.727,0.057,40,reviewed,us,us
2024-08-28T19:00:58.841Z,43.5802,-105.2235,0,3.1,ml,13,79,1.015,0.55,us,us6000nnay,2024-11-09T21:18:35.040Z,"28 km SE of Wright, Wyoming",mining explosion,5.35,1.31,0.066,32,reviewed,us,us
2024-08-27T15:11:30.772Z,43.7675,-105.4183,0,3.5,ml,72,53,1.059,0.58,us,us6000nn2g,2024-11-09T21:18:30.040Z,"6 km ENE of Wright, Wyoming",mining explosion,6.01,1.126,0.037,94,reviewed,us,us
2024-08-26T19:33:49.032Z,41.1393,-112.9368,0,2,ml,19,112,0.229,0.43,us,us6000nmxf,2024-11-09T21:18:24.040Z,"68 km W of Hooper, Utah",quarry blast,2.01,1.219,0.05,52,reviewed,us,us
2024-08-22T17:09:01.662Z,43.6633,-105.2567,0,3.2,ml,21,75,0.994,0.37,us,us7000n8td,2024-11-02T21:28:47.040Z,"21 km ESE of Wright, Wyoming",mining explosion,7.38,1.731,0.128,8,reviewed,us,us
2024-08-21T18:48:57.201Z,41.1633,-112.9472,0,2,ml,27,108,0.25,0.7,us,us7000n8j5,2024-11-02T21:28:40.040Z,"69 km W of Hooper, Utah",quarry blast,1.67,1.53,0.048,58,reviewed,us,us
2024-08-14T19:09:45.266Z,43.5997,-105.2469,0,3.1,ml,16,78,1.019,0.56,us,us6000nk6p,2024-10-26T15:47:59.040Z,"25 km SE of Wright, Wyoming",mining explosion,4.41,1.596,0.048,62,reviewed,us,us
2024-08-14T17:11:51.314Z,43.8921,-105.3913,0,2.9,ml,16,87,1.004,0.75,us,us6000nk4a,2024-10-26T15:47:56.040Z,"17 km NNE of Wright, Wyoming",mining explosion,2.35,1.653,0.049,58,reviewed,us,us
2024-08-11T19:18:23.560Z,43.5745,-105.4102,0,2.9,ml,25,74,1.135,0.39,us,us6000njik,2024-10-24T17:58:11.040Z,"20 km SSE of Wright, Wyoming",mining explosion,5.45,1.844,0.115,10,reviewed,us,us
2024-08-06T17:37:24.162Z,41.1241,-112.9088,0,1.8,ml,17,77,0.223,0.34,us,us6000nie6,2024-10-24T17:56:22.040Z,"66 km W of Hooper, Utah",quarry blast,1.52,1.483,0.055,44,reviewed,us,us
2024-08-05T19:35:56.202Z,43.5961,-105.3827,0,2.8,ml,23,74,1.107,0.54,us,us6000ni8u,2024-10-24T17:56:35.040Z,"19 km SSE of Wright, Wyoming",mining explosion,3.57,1.702,0.128,8,reviewed,us,us
2024-07-31T20:39:46.010Z,40.5285,-112.157666666667,-2,0.57,md,7,93,0.07478,0.23,uu,uu80077081,2024-07-31T21:43:40.510Z,"4 km SW of Bingham Canyon, Utah",quarry blast,0.92,31.61,0.133332918778147,4,reviewed,uu,uu
2024-07-31T19:30:24.963Z,41.1355,-112.8979,0,1.7,ml,23,77,0.237,0.72,us,us6000nh6w,2024-10-11T19:39:05.040Z,"65 km W of Hooper, Utah",quarry blast,1.43,1.505,0.056,42,reviewed,us,us
2024-07-30T18:05:51.793Z,41.1337,-112.9237,0,1.8,ml,19,111,0.227,0.48,us,us6000ngy5,2024-10-11T19:39:05.040Z,"67 km W of Hooper, Utah",quarry blast,1.21,1.493,0.049,54,reviewed,us,us
2024-07-29T17:34:53.824Z,41.094,-112.9133,0,1.7,ml,24,76,0.194,0.82,us,us6000ngqv,2024-10-11T19:39:05.040Z,"66 km NW of Grantsville, Utah",quarry blast,2.14,1.607,0.074,24,reviewed,us,us
2024-07-23T17:37:03.754Z,41.128,-112.916,0,1.7,ml,21,106,0.224,0.61,us,us6000neyk,2024-10-08T21:49:09.005Z,"66 km W of Hooper, Utah",quarry blast,1.03,1.538,0.057,40,reviewed,us,us
2024-07-22T18:17:29.581Z,41.1133,-112.9179,0,2.1,ml,33,77,0.21,0.41,us,us6000nej9,2024-10-08T21:49:08.005Z,"67 km W of Hooper, Utah",quarry blast,1.44,1.689,0.043,70,reviewed,us,us
2024-07-21T18:03:00.360Z,43.8407,-105.2808,0,3.3,ml,23,85,0.941,0.5,us,us7000n0pf,2024-09-28T22:42:55.040Z,"19 km ENE of Wright, Wyoming",mining explosion,7.19,1.712,0.039,88,reviewed,us,us
2024-07-17T18:07:21.059Z,43.7511,-105.3445,0,3.4,ml,33,101,1.015,0.36,us,us7000mzvk,2024-09-28T22:42:12.040Z,"11 km E of Wright, Wyoming",mining explosion,3.24,1.745,0.048,66,reviewed,us,us
2024-07-16T17:39:08.193Z,41.1412,-112.9493,0,1.7,ml,18,113,0.228,0.56,us,us7000mzmf,2024-09-28T22:40:49.040Z,"69 km W of Hooper, Utah",quarry blast,1.23,1.496,0.049,54,reviewed,us,us
2024-07-15T19:06:56.875Z,43.6142,-105.215,0,3.4,ml,17,112,0.992,0.29,us,us7000mzf0,2024-09-28T22:41:52.040Z,"27 km SE of Wright, Wyoming",mining explosion,4.84,1.747,0.048,58,reviewed,us,us
2024-07-15T17:38:51.513Z,41.1176,-112.8783,0,1.7,ml,25,76,0.228,0.66,us,us7000mzej,2024-09-28T22:40:49.040Z,"63 km W of Hooper, Utah",quarry blast,2.03,1.632,0.052,48,reviewed,us,us
2024-07-14T20:36:42.276Z,43.7591,-105.3611,0,3.4,ml,18,123,1.023,0.43,us,us7000mz8y,2024-09-20T16:00:50.040Z,"10 km E of Wright, Wyoming",mining explosion,5.41,1.753,0.045,86,reviewed,us,us
2024-07-11T19:31:48.734Z,40.6552,-109.4543,0,2.9,ml,44,48,0.122,0.76,us,us7000mynf,2024-09-20T16:00:50.040Z,"22 km NNE of Maeser, Utah",mining explosion,2.38,1.701,0.105,12,reviewed,us,us
2024-07-10T20:09:31.393Z,41.1161,-112.9088,0,1.7,ml,24,77,0.216,0.46,us,us7000mye4,2024-09-20T16:00:50.040Z,"66 km W of Hooper, Utah",quarry blast,1.01,1.52,0.052,48,reviewed,us,us
2024-07-09T19:02:33.186Z,43.6656,-105.3715,0,3.3,ml,18,118,1.068,0.38,us,us7000my3t,2024-09-20T16:00:50.040Z,"13 km SE of Wright, Wyoming",mining explosion,8.24,1.758,0.048,62,reviewed,us,us
2024-07-08T18:40:54.243Z,41.1312,-112.946,0,2.1,ml,32,78,0.22,0.54,us,us7000mxv0,2024-09-20T16:00:50.040Z,"69 km W of Hooper, Utah",quarry blast,1.93,1.682,0.042,74,reviewed,us,us
2024-07-06T20:06:56.097Z,43.7886,-105.3015,0,3.4,ml,16,125,0.973,0.43,us,us7000mxgz,2024-09-12T21:52:30.040Z,"15 km ENE of Wright, Wyoming",mining explosion,8.7,1.779,0.044,68,reviewed,us,us
2024-07-02T20:03:46.912Z,43.7355,-105.3818,0,3.4,ml,32,58,1.046,0.68,us,us6000n9vh,2024-09-12T21:52:26.040Z,"9 km E of Wright, Wyoming",mining explosion,6.15,1.486,0.043,88,reviewed,us,us
2024-06-27T20:03:01.106Z,43.6804,-105.3437,0,3.4,ml,17,118,1.043,0.51,us,us6000n8r0,2024-09-04T21:57:42.040Z,"14 km ESE of Wright, Wyoming",mining explosion,8.56,1.339,0.045,64,reviewed,us,us
2024-06-25T18:03:35.667Z,43.7466,-105.3566,0,3.3,ml,35,64,1.025,0.42,us,us6000n84i,2024-09-04T21:57:40.040Z,"10 km E of Wright, Wyoming",mining explosion,5.09,1.654,0.045,76,reviewed,us,us
2024-06-18T16:49:46.650Z,41.1064,-112.9023,0,1.8,ml,31,108,0.209,0.68,us,us7000mt86,2024-08-30T18:17:08.040Z,"65 km W of Hooper, Utah",quarry blast,1.88,1.682,0.046,62,reviewed,us,us
2024-06-11T17:37:36.588Z,41.118,-112.9092,0,1.7,ml,21,76,0.217,0.64,us,us7000mrru,2024-08-23T18:02:10.040Z,"66 km W of Hooper, Utah",quarry blast,1.07,1.518,0.057,40,reviewed,us,us
2024-06-07T20:00:43.325Z,43.8043,-105.3088,0,3.3,ml,39,41,0.972,0.55,us,us7000mr2g,2024-08-16T21:59:26.040Z,"15 km ENE of Wright, Wyoming",mining explosion,2.8,1.759,0.04,81,reviewed,us,us
2024-06-05T21:03:07.533Z,41.1048,-112.8878,0,1.6,ml,20,156,0.213,0.39,us,us7000mqkq,2024-08-16T21:59:25.040Z,"64 km W of Hooper, Utah",quarry blast,1.88,1.552,0.059,38,reviewed,us,us
2024-05-30T19:18:06.781Z,43.6002,-105.23,0,3.4,ml,18,78,1.009,0.51,us,us7000mp2a,2024-08-06T20:32:54.040Z,"26 km SE of Wright, Wyoming",mining explosion,2.58,1.744,0.043,70,reviewed,us,us
2024-05-21T17:55:04.352Z,41.1439,-112.9388,0,1.8,ml,18,113,0.233,0.48,us,us6000n044,2024-08-06T02:10:28.040Z,"68 km W of Hooper, Utah",quarry blast,0.84,1.386,0.052,48,reviewed,us,us
2024-05-14T20:29:51.090Z,43.6283,-105.2618,0,3.3,ml,23,76,1.014,0.33,us,us6000myll,2024-07-26T23:58:09.040Z,"23 km SE of Wright, Wyoming",mining explosion,3.66,1.726,0.049,60,reviewed,us,us
2024-05-13T18:07:05.979Z,41.1026,-112.9117,0,1.4,ml,15,109,0.202,0.47,us,us6000mybl,2024-07-26T23:58:08.040Z,"66 km W of Hooper, Utah",quarry blast,1.73,1.594,0.064,32,reviewed,us,us
2024-05-12T20:00:55.795Z,43.8281,-105.2656,0,3.4,ml,17,152,1.493,0.38,us,us6000my5i,2024-07-20T22:20:09.040Z,"20 km ENE of Wright, Wyoming",mining explosion,6.28,1.881,0.041,80,reviewed,us,us
2024-05-09T20:00:46.865Z,43.8149,-105.2514,0,3.3,ml,16,83,0.929,0.34,us,us6000mxjl,2024-07-20T22:20:05.040Z,"20 km ENE of Wright, Wyoming",mining explosion,7.66,1.747,0.043,70,reviewed,us,us
2024-05-03T20:03:53.617Z,43.8028,-105.3405,0,3.3,ml,44,41,0.994,0.49,us,us6000mw75,2024-07-15T03:58:08.040Z,"13 km ENE of Wright, Wyoming",mining explosion,5.31,1.75,0.037,94,reviewed,us,us
2024-05-02T18:01:28.670Z,43.7536,-105.2918,0,3.5,ml,18,79,0.979,0.4,us,us6000mvs5,2024-07-15T03:58:20.040Z,"16 km E of Wright, Wyoming",mining explosion,7.43,1.734,0.04,84,reviewed,us,us
2024-05-01T20:05:29.043Z,43.6976,-105.3764,0,3.2,ml,18,76,1.057,0.4,us,us6000mvj1,2024-07-15T03:58:34.040Z,"11 km ESE of Wright, Wyoming",mining explosion,6.99,1.357,0.048,62,reviewed,us,us
2024-04-30T17:39:03.417Z,43.5319,-105.1753,0,3.4,ml,15,82,1.013,0.62,us,us6000mv9w,2024-07-15T03:58:43.040Z,"35 km SE of Wright, Wyoming",mining explosion,7.45,1.25,0.046,70,reviewed,us,us
2024-04-22T20:07:23.855Z,43.749,-105.3159,0,3.1,ml,19,79,0.997,0.49,us,us6000mt1h,2024-07-02T22:13:00.040Z,"14 km E of Wright, Wyoming",mining explosion,5.52,1.732,0.044,68,reviewed,us,us
2024-04-22T19:24:00.100Z,43.5214,-105.275,0,3.2,ml,18,80,1.079,0.66,us,us6000muyr,2024-07-02T22:13:00.040Z,"30 km SE of Wright, Wyoming",mining explosion,7.43,1.713,0.048,56,reviewed,us,us
2024-04-21T23:39:17.390Z,43.7643,-105.3249,0,2.7,ml,24,59,0.997,0.36,us,us7000mdqw,2024-06-25T21:03:26.040Z,"13 km E of Wright, Wyoming",mining explosion,3.5,1.726,0.055,50,reviewed,us,us
2024-04-21T20:00:42.184Z,43.7831,-105.3351,0,3.3,ml,20,81,0.997,0.29,us,us7000mdq6,2024-06-25T21:03:26.040Z,"13 km ENE of Wright, Wyoming",mining explosion,7.11,1.74,0.041,78,reviewed,us,us
2024-04-19T19:59:23.283Z,43.7631,-105.3481,0,3.4,ml,57,54,1.013,0.53,us,us7000mda6,2024-06-25T21:03:09.040Z,"11 km E of Wright, Wyoming",mining explosion,5.94,1.703,0.04,84,reviewed,us,us
2024-04-16T19:17:59.188Z,43.6496,-105.2852,0,3.3,ml,17,75,1.019,0.37,us,us7000mci0,2024-06-25T21:02:51.040Z,"20 km SE of Wright, Wyoming",mining explosion,6.02,1.511,0.056,46,reviewed,us,us
2024-04-15T20:07:06.539Z,43.7536,-105.368,0,3.3,ml,20,79,1.03,0.4,us,us7000mc9z,2024-06-25T21:02:45.040Z,"9 km E of Wright, Wyoming",mining explosion,4.12,1.73,0.041,80,reviewed,us,us
2024-04-12T20:02:32.506Z,43.7064,-105.3242,0,3.2,ml,43,53,1.019,0.44,us,us7000mbss,2024-06-17T02:15:18.040Z,"14 km ESE of Wright, Wyoming",mining explosion,1.93,1.728,0.038,90,reviewed,us,us
2024-04-10T20:02:51.537Z,43.7231,-105.3209,0,3.5,ml,22,102,1.01,0.51,us,us7000mb9g,2024-06-17T02:15:06.040Z,"14 km ESE of Wright, Wyoming",mining explosion,2.54,1.749,0.048,66,reviewed,us,us
2024-04-06T15:13:49.212Z,43.6634,-105.4589,0,3,ml,27,75,1.126,1.08,us,us7000mc83,2024-06-12T21:52:00.040Z,"10 km SSE of Wright, Wyoming",mining explosion,7.07,1.446,0.045,66,reviewed,us,us
2024-04-03T21:08:27.031Z,40.6154,-109.4878,0,3.2,ml,13,105,0.881,0.3,us,us7000mbi5,2024-06-12T21:51:59.040Z,"17 km NNE of Maeser, Utah",mining explosion,2.05,0.739,0.037,96,reviewed,us,us
2024-04-03T21:08:17.857Z,40.6356,-109.4957,0,2.8,ml,42,48,0.86,0.58,us,us7000m9qu,2024-06-12T21:51:53.040Z,"19 km NNE of Maeser, Utah",mining explosion,2.37,1.714,0.181,4,reviewed,us,us
2024-04-03T19:59:53.577Z,43.702,-105.2858,0,3.3,ml,18,76,0.996,0.5,us,us7000m9qg,2024-06-12T21:51:53.040Z,"17 km ESE of Wright, Wyoming",mining explosion,5.66,1.7,0.045,76,reviewed,us,us
2024-04-03T18:00:16.262Z,43.746,-105.382,0,3.5,ml,19,79,1.042,0.11,us,us7000m9pq,2024-06-12T21:51:53.040Z,"8 km E of Wright, Wyoming",mining explosion,5.59,1.74,0.046,70,reviewed,us,us
2024-03-30T19:55:24.054Z,40.5344,-112.1243,0,2,ml,27,62,0.118,0.6,us,us7000m8zg,2024-06-01T21:55:45.040Z,"2 km SSE of Bingham Canyon, Utah",mining explosion,1.11,1.249,0.042,74,reviewed,us,us
2024-03-29T21:20:51.896Z,43.6892,-105.3388,0,3,ml,10,136,1.036,0.8,us,us7000m9xg,2024-06-01T21:55:51.040Z,"14 km ESE of Wright, Wyoming",mining explosion,4.6,1.75,0.057,52,reviewed,us,us
2024-03-29T19:35:25.372Z,43.6283,-105.3278,0,3.2,ml,36,52,1.056,0.34,us,us7000m8t1,2024-06-01T21:55:49.040Z,"19 km SE of Wright, Wyoming",mining explosion,6.56,1.724,0.042,74,reviewed,us,us
2024-03-25T19:06:01.897Z,43.6402,-105.2826,0,3.1,ml,16,122,1.022,0.25,us,us7000m8li,2024-06-01T21:55:48.040Z,"20 km SE of Wright, Wyoming",mining explosion,5.62,1.598,0.059,38,reviewed,us,us
2024-03-21T20:00:29.616Z,43.7891,-105.3549,0,3.4,ml,20,81,1.009,0.37,us,us6000mkbv,2024-05-27T14:19:18.040Z,"11 km ENE of Wright, Wyoming",mining explosion,7.21,1.743,0.041,78,reviewed,us,us
2024-03-20T20:15:45.236Z,43.4362,-105.262,0,2.9,ml,24,95,1.121,1.08,us,us6000mk3t,2024-05-27T14:19:18.040Z,"39 km SSE of Wright, Wyoming",mining explosion,5.68,1.715,0.05,54,reviewed,us,us
2024-03-12T23:51:12.928Z,43.7969,-105.3705,0,2.5,ml,10,134,1.017,0.43,us,us6000mjmm,2024-05-18T21:23:52.040Z,"11 km ENE of Wright, Wyoming",mining explosion,4.09,1.742,0.091,16,reviewed,us,us
2024-03-11T19:23:31.044Z,43.7682,-105.2945,0,3.3,ml,17,80,0.975,1.13,us,us7000m4qi,2024-05-18T21:24:31.040Z,"16 km E of Wright, Wyoming",mining explosion,6.13,1.729,0.042,74,reviewed,us,us
2024-03-03T20:09:33.659Z,43.6584,-105.266,0,3.1,ml,19,75,1.002,0.36,us,us6000mgii,2024-05-10T21:25:59.040Z,"20 km ESE of Wright, Wyoming",mining explosion,7.49,1.263,0.045,66,reviewed,us,us
2024-02-26T18:56:50.444Z,43.6671,-105.3699,0,3.1,ml,18,75,1.066,0.5,us,us7000m1py,2024-05-10T21:26:00.040Z,"13 km SE of Wright, Wyoming",mining explosion,7.26,1.273,0.049,54,reviewed,us,us
2024-02-22T22:48:44.440Z,40.6372,-109.486,0,3.2,ml,17,106,0.092,0.68,us,us7000m0yi,2024-05-02T15:50:12.040Z,"19 km NNE of Maeser, Utah",mining explosion,1.62,1.687,0.033,122,reviewed,us,us
2024-02-22T21:17:32.403Z,40.8524,-111.8302,0,1.4,ml,19,93,0.171,0.25,us,us7000m1vw,2024-05-02T15:50:14.040Z,"5 km ESE of Woods Cross, Utah",mining explosion,1.64,1.427,0.055,43,reviewed,us,us
2024-02-22T20:07:53.394Z,43.6868,-105.227,0,3.4,ml,16,75,0.964,0.45,us,us7000m0ww,2024-05-02T15:50:12.040Z,"22 km ESE of Wright, Wyoming",mining explosion,5.31,1.729,0.041,78,reviewed,us,us
2024-02-20T19:00:38.819Z,43.8038,-105.3897,0,3.2,ml,25,59,1.028,0.61,us,us7000m0el,2024-05-02T15:50:12.040Z,"10 km NE of Wright, Wyoming",mining explosion,5.03,1.692,0.042,74,reviewed,us,us
2024-02-17T17:53:58.920Z,41.6813,-108.6722,0,3,ml,57,59,0.885,0.6,us,us7000lzvu,2024-04-24T14:42:05.040Z,"9 km E of Point of Rocks, Wyoming",mining explosion,1.73,1.715,0.03,144,reviewed,us,us
2024-02-16T23:51:27.771Z,43.8471,-105.3694,0,3.1,ml,33,42,1.001,0.66,us,us7000lzs6,2024-04-24T14:42:04.040Z,"14 km NE of Wright, Wyoming",mining explosion,5.31,1.721,0.041,78,reviewed,us,us
2024-02-14T21:59:40.751Z,43.6777,-105.3825,0,3,ml,17,75,1.07,0.86,us,us7000lz9b,2024-04-24T14:42:02.040Z,"12 km SE of Wright, Wyoming",mining explosion,4.87,1.766,0.053,52,reviewed,us,us
2024-02-14T21:03:20.672Z,43.7949,-105.3318,0,3.1,ml,17,82,0.991,0.3,us,us7000lz8u,2024-04-24T14:42:02.040Z,"13 km ENE of Wright, Wyoming",mining explosion,7.24,1.745,0.051,62,reviewed,us,us
2024-02-12T22:06:50.405Z,43.7451,-105.3374,0,3.7,ml,34,41,1.013,0.51,us,us7000lysz,2024-04-24T14:42:01.040Z,"12 km E of Wright, Wyoming",mining explosion,6.03,1.74,0.044,84,reviewed,us,us
2024-02-12T20:19:25.946Z,43.8422,-105.4046,0,2.6,ml,13,84,1.027,0.52,us,us7000lzn8,2024-04-24T14:42:04.040Z,"12 km NE of Wright, Wyoming",mining explosion,3.12,1.822,0.066,30,reviewed,us,us
2024-02-12T19:04:43.861Z,43.6677,-105.3899,0,3.5,ml,17,75,1.079,0.71,us,us7000lyrs,2024-04-24T14:42:01.040Z,"12 km SE of Wright, Wyoming",mining explosion,4.41,1.813,0.041,80,reviewed,us,us
2024-02-11T23:14:23.374Z,43.6352,-105.3733,0,2.5,ml,13,73,1.082,0.83,us,us7000lzgl,2024-04-20T19:35:46.040Z,"16 km SE of Wright, Wyoming",mining explosion,4.52,1.689,0.057,42,reviewed,us,us
2024-02-11T20:00:28.269Z,43.6513,-105.3658,0,2.9,ml,17,74,1.07,0.32,us,us7000lyhu,2024-04-20T19:35:43.040Z,"15 km SE of Wright, Wyoming",mining explosion,3.45,1.707,0.047,60,reviewed,us,us
2024-02-11T19:04:14.126Z,43.8182,-105.357,0,3.2,ml,19,83,1.001,0.25,us,us7000lyhj,2024-04-20T19:35:43.040Z,"13 km NE of Wright, Wyoming",mining explosion,7.21,1.181,0.039,88,reviewed,us,us
2024-02-10T21:19:33.868Z,43.545,-105.2898,0,2.4,ml,14,78,1.075,0.3,us,us7000lzdu,2024-04-20T19:35:21.040Z,"28 km SE of Wright, Wyoming",mining explosion,3.7,1.815,0.069,28,reviewed,us,us
2024-02-09T22:06:32.510Z,43.6746,-105.2027,0,3.2,ml,16,76,0.954,0.28,us,us7000ly4p,2024-04-20T19:34:53.040Z,"24 km ESE of Wright, Wyoming",mining explosion,5.03,1.655,0.04,82,reviewed,us,us
2024-02-07T19:02:15.498Z,43.7681,-105.3337,0,3.5,ml,32,59,1.002,0.38,us,us7000lxl8,2024-04-20T19:33:54.040Z,"12 km E of Wright, Wyoming",mining explosion,4.63,1.655,0.043,90,reviewed,us,us
2024-02-05T20:14:34.395Z,43.5862,-105.3141,0,3.1,ml,18,76,1.068,0.44,us,us7000lx5z,2024-04-20T19:33:08.040Z,"23 km SE of Wright, Wyoming",mining explosion,3.42,1.723,0.048,58,reviewed,us,us
2024-02-04T21:01:46.908Z,43.7367,-105.366,0,2.9,ml,19,115,1.035,0.52,us,us7000lwzb,2024-04-13T19:37:54.040Z,"10 km E of Wright, Wyoming",mining explosion,4.38,1.051,0.056,46,reviewed,us,us
2024-02-02T22:36:18.806Z,41.7403,-108.6642,0,3.2,ml,61,66,0.889,0.81,us,us7000lwjk,2024-04-13T19:35:28.040Z,"12 km ENE of Point of Rocks, Wyoming",mining explosion,4.1,1.597,0.029,156,reviewed,us,us
2024-02-02T21:02:11.134Z,43.5257,-105.1302,0,3.5,ml,16,84,0.991,0.48,us,us7000lwin,2024-04-13T19:35:24.040Z,"38 km SE of Wright, Wyoming",mining explosion,6.19,1.676,0.038,92,reviewed,us,us
2024-02-02T18:59:14.896Z,43.845,-105.3167,0,3.2,ml,42,55,0.965,0.71,us,us7000lwhn,2024-04-13T19:35:19.040Z,"17 km NE of Wright, Wyoming",mining explosion,6.15,1.766,0.038,90,reviewed,us,us
2024-01-31T21:35:36.942Z,43.5952,-105.228,0,3.3,ml,10,78,1.01,0.54,us,us7000lvhm,2024-04-13T19:30:38.040Z,"27 km SE of Wright, Wyoming",mining explosion,3.92,1.725,0.055,50,reviewed,us,us
2024-01-30T22:35:54.228Z,41.7991,-108.7443,0,3.1,ml,44,82,0.831,0.69,us,us7000lv4f,2024-04-13T19:28:35.040Z,"13 km NNE of Point of Rocks, Wyoming",mining explosion,4.53,1.604,0.04,84,reviewed,us,us
2024-01-26T21:56:27.802Z,43.5847,-105.3775,0,2.5,ml,10,128,1.109,0.29,us,us7000lvce,2024-03-30T22:32:13.040Z,"20 km SSE of Wright, Wyoming",mining explosion,5.44,1.799,0.085,18,reviewed,us,us
2024-01-26T21:04:01.394Z,43.8645,-105.4349,0,3.3,ml,17,86,1.042,0.46,us,us7000lu7u,2024-03-30T22:32:12.040Z,"13 km NNE of Wright, Wyoming",mining explosion,3.35,1.72,0.045,64,reviewed,us,us
2024-01-26T19:06:31.377Z,43.7862,-105.3809,0,3.5,ml,42,59,1.027,0.6,us,us7000lu6v,2024-03-30T22:32:11.040Z,"9 km ENE of Wright, Wyoming",mining explosion,5.79,1.691,0.038,92,reviewed,us,us
2024-01-13T20:05:24.413Z,43.5497,-105.2944,0,3.2,ml,19,78,1.075,0.7,us,us6000m3jk,2024-03-16T19:00:35.040Z,"27 km SE of Wright, Wyoming",mining explosion,5.76,1.484,0.043,70,reviewed,us,us
2024-01-10T22:36:16.071Z,40.6526,-109.4991,0,3.1,ml,58,45,0.098,0.44,us,us6000m2z5,2024-03-16T19:00:15.040Z,"20 km NNE of Maeser, Utah",mining explosion,2.4,1.7,0.035,107,reviewed,us,us
2024-01-04T21:02:58.513Z,43.7601,-105.3084,0,3.3,ml,19,80,0.988,0.99,us,us6000m1uw,2024-03-09T21:41:09.040Z,"14 km E of Wright, Wyoming",mining explosion,5.64,1.733,0.043,72,reviewed,us,us
2023-12-30T23:02:40.296Z,43.8415,-105.1351,0,2.4,ml,7,127,0.841,0.67,us,us6000m2s1,2024-03-02T21:39:30.040Z,"30 km ENE of Wright, Wyoming",mining explosion,4.19,0.997,0.105,12,reviewed,us,us
2023-12-30T20:38:48.339Z,43.6927,-105.1918,0,3.4,ml,16,76,0.939,0.8,us,us6000m0pm,2024-03-02T21:39:34.040Z,"25 km ESE of Wright, Wyoming",mining explosion,2.67,1.834,0.041,77,reviewed,us,us
2023-12-26T21:01:05.659Z,43.8016,-105.3454,0,3.3,ml,45,61,0.998,0.59,us,us6000lzxb,2024-03-02T21:39:31.040Z,"13 km ENE of Wright, Wyoming",mining explosion,4.85,1.917,0.044,68,reviewed,us,us
2023-12-23T17:56:50.730Z,40.5141667,-112.1668333,-2,1.59,md,16,72,0.07598,0.22,uu,uu60557002,2023-12-27T14:32:09.620Z,"5 km SSW of Bingham Canyon, Utah",quarry blast,0.8,31.61,0.506,9,reviewed,uu,uu
2023-12-22T19:01:22.963Z,40.633,-109.4862,0,3,ml,58,48,0.089,0.73,us,us7000lky4,2024-02-27T22:56:55.040Z,"19 km NNE of Maeser, Utah",mining explosion,2.31,1.698,0.028,162,reviewed,us,us
2023-12-21T21:56:51.673Z,43.6709,-105.3702,0,3.5,ml,21,75,1.064,0.29,us,us7000lkr5,2024-02-27T22:56:55.040Z,"13 km SE of Wright, Wyoming",mining explosion,7.2,1.722,0.04,82,reviewed,us,us
2023-12-17T23:13:51.360Z,43.8049,-105.333,0,3.6,ml,20,82,0.989,0.65,us,us7000ljrk,2024-02-27T22:56:55.040Z,"14 km ENE of Wright, Wyoming",mining explosion,7.38,1.74,0.044,83,reviewed,us,us
2023-12-16T18:58:48.309Z,43.8179,-105.2678,0,3.3,ml,31,60,0.94,0.43,us,us7000ljjx,2024-02-17T22:43:04.040Z,"19 km ENE of Wright, Wyoming",mining explosion,3.13,1.753,0.039,85,reviewed,us,us
2023-12-15T20:09:27.044Z,43.5618,-105.229,0,3.3,ml,33,80,1.029,0.56,us,us7000ljdi,2024-02-17T22:43:04.040Z,"29 km SE of Wright, Wyoming",mining explosion,1.9,1.8,0.038,89,reviewed,us,us
2023-12-11T22:29:09.274Z,43.4731,-105.3961,0,3,ml,22,77,1.166,0.8,us,us7000li9b,2024-02-17T22:43:04.040Z,"31 km SSE of Wright, Wyoming",mining explosion,7.44,1.236,0.064,38,reviewed,us,us
2023-12-10T20:19:39.981Z,43.6428,-105.3025,0,3.1,ml,27,58,1.033,0.96,us,us7000lhza,2024-02-17T22:43:04.040Z,"19 km SE of Wright, Wyoming",mining explosion,6.66,1.722,0.043,82,reviewed,us,us
2023-12-07T21:00:44.509Z,43.7723,-105.475,0,3.4,ml,23,80,1.096,0.94,us,us7000lh5u,2024-02-10T23:47:41.040Z,"2 km NNE of Wright, Wyoming",mining explosion,2.75,1.83,0.038,89,reviewed,us,us
2023-12-05T21:53:56.809Z,40.643,-109.5107,0,3.1,ml,30,76,0.085,0.52,us,us7000lgj5,2024-02-10T23:47:36.040Z,"19 km NNE of Maeser, Utah",mining explosion,2.01,1.692,0.036,104,reviewed,us,us
2023-12-01T19:09:18.804Z,43.7848,-105.2898,0,3.4,ml,65,35,0.966,0.87,us,us7000lf7g,2024-02-06T21:53:57.040Z,"16 km ENE of Wright, Wyoming",mining explosion,5.22,1.676,0.039,87,reviewed,us,us
2023-11-25T19:30:51.526Z,43.8182,-105.5848,0,2.8,ml,15,128,1.159,0.53,us,us7000leua,2024-02-01T15:13:48.040Z,"10 km NW of Wright, Wyoming",mining explosion,2.47,1.13,0.064,32,reviewed,us,us
2023-11-23T21:35:17.258Z,43.8279,-105.2862,0,3.6,ml,20,84,0.949,0.41,us,us6000lqcr,2024-02-01T15:13:48.040Z,"18 km ENE of Wright, Wyoming",mining explosion,5.42,1.492,0.038,89,reviewed,us,us
2023-11-22T20:12:54.926Z,43.7199,-105.2781,0,3.4,ml,34,77,0.983,0.94,us,us6000lq59,2024-02-01T15:13:48.040Z,"17 km ESE of Wright, Wyoming",mining explosion,5.85,1.915,0.041,79,reviewed,us,us
2023-11-22T19:01:16.591Z,43.7493,-105.3915,0,3.1,ml,18,79,1.048,0.69,us,us6000lq4z,2024-02-01T15:13:48.040Z,"8 km E of Wright, Wyoming",mining explosion,4.28,1.108,0.045,66,reviewed,us,us
2023-11-19T23:01:27.399Z,43.7019,-105.2275,0,2.8,ml,17,120,0.958,0.75,us,us6000lqc3,2024-02-01T15:13:48.040Z,"22 km ESE of Wright, Wyoming",mining explosion,5.02,1.646,0.066,30,reviewed,us,us
2023-11-19T22:29:31.794Z,43.582,-105.3366,0,2.9,ml,24,76,1.084,0.67,us,us6000lpic,2024-02-01T15:13:48.040Z,"22 km SSE of Wright, Wyoming",mining explosion,2.9,1.72,0.055,46,reviewed,us,us
2023-11-19T16:18:36.771Z,43.4898,-105.2517,0,2.5,ml,5,174,1.083,1.03,us,us6000lpgq,2024-02-01T15:13:48.040Z,"34 km SSE of Wright, Wyoming",mining explosion,7.33,1.797,0.148,6,reviewed,us,us
2023-11-17T19:08:36.960Z,43.8519,-105.315,0,3.4,ml,41,41,0.962,0.59,us,us6000lp70,2024-01-26T16:37:51.040Z,"18 km NE of Wright, Wyoming",mining explosion,6.29,1.757,0.038,93,reviewed,us,us
2023-11-15T21:03:48.610Z,43.805,-105.3294,0,3.5,ml,20,82,0.986,0.52,us,us6000lnp2,2024-01-26T16:37:43.040Z,"14 km ENE of Wright, Wyoming",mining explosion,6.37,1.73,0.048,70,reviewed,us,us
2023-11-12T23:17:12.920Z,43.6941,-105.3288,0,3,ml,22,72,1.027,0.39,us,us7000lajk,2024-01-26T16:37:58.040Z,"14 km ESE of Wright, Wyoming",mining explosion,2.4,1.735,0.056,52,reviewed,us,us
2023-11-10T21:03:00.996Z,43.8704,-105.2941,0,3.2,ml,19,86,0.942,0.48,us,us7000la80,2024-01-13T23:09:29.040Z,"20 km NE of Wright, Wyoming",mining explosion,4.04,1.758,0.04,81,reviewed,us,us
2023-11-06T21:13:00.066Z,43.73,-105.3758,0,3.4,ml,42,41,1.044,0.51,us,us7000l985,2024-01-13T23:09:29.040Z,"9 km ESE of Wright, Wyoming",mining explosion,5.81,1.734,0.042,77,reviewed,us,us
2023-10-31T20:31:21.248Z,43.5741,-105.2897,0,3.4,ml,41,77,1.059,0.94,us,us7000l7x1,2024-01-10T06:01:28.040Z,"25 km SE of Wright, Wyoming",mining explosion,6.65,0.936,0.037,94,reviewed,us,us
2023-10-31T20:07:09.123Z,43.7117,-105.3264,0,3.3,ml,41,41,1.018,0.68,us,us7000l7wv,2024-01-10T06:01:27.040Z,"14 km ESE of Wright, Wyoming",mining explosion,6.29,1.737,0.039,88,reviewed,us,us
2023-10-26T20:03:28.649Z,43.7178,-105.3755,0,3.4,ml,24,57,1.049,1.19,us,us7000l6ml,2024-01-04T04:22:20.040Z,"10 km ESE of Wright, Wyoming",mining explosion,5.07,1.48,0.043,70,reviewed,us,us
2023-10-24T19:58:19.157Z,43.8346,-105.3803,0,3.3,ml,39,42,1.012,0.45,us,us7000l62b,2024-01-04T04:22:07.040Z,"12 km NE of Wright, Wyoming",mining explosion,2.03,1.739,0.04,84,reviewed,us,us
2023-10-18T20:57:19.050Z,43.7789,-105.3012,0,3.2,ml,29,60,0.976,0.54,us,us6000lggc,2023-12-26T21:24:35.040Z,"15 km E of Wright, Wyoming",mining explosion,5.13,1.461,0.045,64,reviewed,us,us
2023-10-17T21:12:56.104Z,43.6162,-105.1993,0,3.1,ml,26,98,0.981,1.22,us,us6000lgyu,2023-12-26T21:24:47.040Z,"27 km ESE of Wright, Wyoming",mining explosion,7.29,1.922,0.059,38,reviewed,us,us
2023-10-14T14:31:17.868Z,43.6904,-105.3657,0,2.5,ml,8,123,1.053,0.53,us,us6000lgn0,2023-12-16T22:13:10.040Z,"12 km ESE of Wright, Wyoming",mining explosion,4.28,1.688,0.097,14,reviewed,us,us
2023-10-13T20:48:31.481Z,43.7274,-105.1376,0,3.3,ml,53,76,0.888,1.15,us,us6000lffc,2023-12-16T22:13:08.040Z,"28 km E of Wright, Wyoming",mining explosion,7.07,0.99,0.044,68,reviewed,us,us
2023-10-12T20:06:27.001Z,40.6171,-109.4778,0,2.9,ml,33,98,0.084,0.51,us,us6000lf7e,2023-12-16T22:13:08.040Z,"18 km NNE of Maeser, Utah",mining explosion,1.61,1.548,0.036,100,reviewed,us,us
2023-10-12T17:57:39.370Z,43.8113,-105.3525,0,3.1,ml,14,127,1,0.78,us,us6000lf69,2023-12-16T22:13:08.040Z,"13 km ENE of Wright, Wyoming",mining explosion,9.75,1.826,0.047,60,reviewed,us,us
2023-10-11T19:59:30.629Z,43.7518,-105.3746,0,3.3,ml,33,121,1.035,1.04,us,us6000lewq,2023-12-16T22:13:07.040Z,"9 km E of Wright, Wyoming",mining explosion,7.18,1.92,0.04,84,reviewed,us,us
2023-10-07T18:02:07.602Z,43.474,-105.3935,0,3.1,ml,39,95,1.168,0.55,us,us6000ldvi,2023-12-14T21:26:56.040Z,"31 km SSE of Wright, Wyoming",mining explosion,5.58,1.838,0.04,82,reviewed,us,us
2023-10-03T23:08:53.120Z,40.5243333,-112.169,-2,1.83,ml,13,92,0.06568,0.12,uu,uu60551477,2023-10-04T15:35:42.450Z,"Utah",quarry blast,0.29,31.61,0.216,8,reviewed,uu,uu
2023-10-03T19:58:33.206Z,43.7458,-105.2891,0,3.1,ml,23,102,0.98,0.55,us,us6000lclf,2023-12-14T21:26:52.040Z,"16 km E of Wright, Wyoming",mining explosion,3.96,1.315,0.039,86,reviewed,us,us
2023-10-01T20:13:09.407Z,43.6406,-105.3599,0,2.8,ml,8,116,1.071,0.66,us,us6000ld88,2023-12-14T21:26:53.040Z,"16 km SE of Wright, Wyoming",mining explosion,4.98,1.613,0.077,24,reviewed,us,us
2023-10-01T18:03:52.825Z,43.5422,-105.262,0,3.2,ml,25,128,1.059,0.53,us,us6000lc4g,2023-12-14T21:26:50.040Z,"29 km SE of Wright, Wyoming",mining explosion,9.46,1.772,0.048,60,reviewed,us,us
2023-09-27T20:07:05.171Z,43.7977,-105.3066,0,3.2,ml,13,103,0.973,0.29,us,us6000lb6y,2023-12-09T22:00:40.040Z,"15 km ENE of Wright, Wyoming",mining explosion,3.55,1.725,0.055,44,reviewed,us,us
2023-09-27T18:30:08.665Z,41.1155,-112.8412,0,1.7,ml,20,75,0.241,1.01,us,us6000lcgi,2023-12-09T22:00:40.040Z,"60 km W of Hooper, Utah",quarry blast,2.29,1.592,0.064,32,reviewed,us,us
2023-09-26T17:23:13.735Z,41.1251,-112.8664,0,1.9,ml,36,58,0.239,1.01,us,us6000laxx,2023-12-09T22:00:39.040Z,"62 km W of Hooper, Utah",quarry blast,4.54,1.738,0.045,66,reviewed,us,us
2023-09-24T20:17:22.989Z,43.6995,-105.3101,0,3.1,ml,18,119,1.013,0.43,us,us7000kxv8,2023-12-09T22:00:40.040Z,"15 km ESE of Wright, Wyoming",mining explosion,5.49,1.727,0.05,66,reviewed,us,us
2023-09-20T19:34:41.036Z,43.6998,-105.3953,0,3.3,ml,29,99,1.069,1.09,us,us7000kwz6,2023-12-02T23:01:04.040Z,"9 km SE of Wright, Wyoming",mining explosion,6.98,1.895,0.047,60,reviewed,us,us
2023-09-20T18:34:57.663Z,41.0881,-112.916,0,1.7,ml,24,76,0.188,1.36,us,us7000kwyu,2023-12-02T23:01:04.040Z,"66 km NW of Grantsville, Utah",quarry blast,1.41,1.534,0.057,40,reviewed,us,us
2023-09-17T18:46:04.501Z,43.7098,-105.3119,0,3.1,ml,24,84,1.01,0.87,us,us7000kwce,2023-12-02T23:01:04.040Z,"15 km ESE of Wright, Wyoming",mining explosion,4.61,1.074,0.046,68,reviewed,us,us
2023-09-13T20:02:24.285Z,43.7302,-105.382,0,3.6,ml,21,122,1.048,0.34,us,us7000kvl9,2023-11-18T22:29:31.040Z,"9 km ESE of Wright, Wyoming",mining explosion,5.91,1.725,0.046,62,reviewed,us,us
2023-09-13T17:58:00.652Z,43.8031,-105.2259,0,3.2,ml,37,69,0.916,0.8,us,us7000kvkj,2023-11-18T22:29:31.040Z,"22 km ENE of Wright, Wyoming",mining explosion,5.84,1.731,0.045,64,reviewed,us,us
2023-09-10T20:26:00.878Z,40.5215,-112.1399,0,1.7,ml,27,38,0.132,0.58,us,us7000kuvp,2023-11-18T22:29:31.040Z,"4 km S of Bingham Canyon, Utah",mining explosion,1.31,1.302,0.048,56,reviewed,us,us
2023-09-09T16:13:03.763Z,41.708,-108.6356,0,2.8,ml,15,90,0.911,0.38,us,us7000kumb,2023-11-17T19:47:52.040Z,"12 km ENE of Point of Rocks, Wyoming",mining explosion,2.4,1.692,0.06,36,reviewed,us,us
2023-09-08T20:03:48.320Z,43.7511,-105.3801,0,3.5,ml,33,101,1.039,0.45,us,us7000kue1,2023-11-17T19:47:51.040Z,"9 km E of Wright, Wyoming",mining explosion,5.58,1.398,0.042,73,reviewed,us,us
2023-09-07T18:02:37.189Z,43.7033,-105.3734,0,3.1,ml,34,66,1.053,0.98,us,us7000ku05,2023-11-17T19:47:50.040Z,"10 km ESE of Wright, Wyoming",mining explosion,5.47,1.47,0.043,71,reviewed,us,us
2023-09-04T21:18:52.999Z,43.7686,-105.3249,0,3.6,ml,20,124,0.996,0.57,us,us7000kt8u,2023-11-17T19:47:49.040Z,"13 km E of Wright, Wyoming",mining explosion,8.23,1.337,0.043,83,reviewed,us,us
2023-09-02T18:03:12.777Z,43.7308,-105.2779,0,3.6,ml,46,76,0.979,0.75,us,us7000ksw5,2023-11-04T21:35:22.040Z,"17 km E of Wright, Wyoming",mining explosion,5.38,1.86,0.038,89,reviewed,us,us
2023-08-29T17:37:39.325Z,41.1078,-112.8996,0,1.8,ml,30,96,0.211,0.74,us,us7000krxg,2023-11-04T21:35:22.040Z,"65 km W of Hooper, Utah",quarry blast,2.27,1.518,0.049,54,reviewed,us,us
2023-08-28T22:19:14.040Z,43.7172,-105.2773,0,3.2,ml,16,118,0.984,0.66,us,us7000ksni,2023-11-04T21:35:22.040Z,"17 km ESE of Wright, Wyoming",mining explosion,5.12,0.999,0.053,52,reviewed,us,us
2023-08-28T17:26:48.862Z,41.0718,-112.8841,0,1.8,ml,23,119,0.187,0.97,us,us7000kriu,2023-11-04T21:35:21.040Z,"63 km NW of Grantsville, Utah",quarry blast,2.62,0.94,0.056,42,reviewed,us,us
2023-08-25T20:22:44.505Z,43.7388,-105.3527,0,3.2,ml,32,100,1.025,0.46,us,us7000ksea,2023-10-28T19:15:38.040Z,"11 km E of Wright, Wyoming",mining explosion,5.64,1.385,0.044,67,reviewed,us,us
2023-08-25T19:19:29.533Z,43.6116,-105.153,0,3.4,ml,48,80,0.955,0.71,us,us7000kr0w,2023-10-28T19:15:38.040Z,"31 km ESE of Wright, Wyoming",mining explosion,3.68,1.905,0.044,69,reviewed,us,us
2023-08-21T18:03:48.664Z,43.826,-105.2106,0,3.5,ml,19,52,1.517,0.44,us,us7000kpxu,2023-10-28T19:15:33.040Z,"24 km ENE of Wright, Wyoming",mining explosion,5.38,0.962,0.046,62,reviewed,us,us
2023-08-20T18:06:49.793Z,43.7517,-105.3857,0,3.5,ml,33,101,1.043,0.6,us,us7000kpnf,2023-10-28T19:15:32.040Z,"8 km E of Wright, Wyoming",mining explosion,5.56,1.334,0.049,72,reviewed,us,us
2023-08-15T20:13:12.728Z,43.7579,-105.2705,0,3.6,ml,34,76,0.963,0.37,us,us7000knj9,2023-10-27T21:39:02.040Z,"17 km E of Wright, Wyoming",mining explosion,5.43,1.376,0.045,66,reviewed,us,us
2023-08-15T17:26:32.536Z,41.1456,-112.9804,0,1.8,ml,22,116,0.228,1.2,us,us6000l05f,2023-10-27T21:39:02.040Z,"72 km W of Hooper, Utah",quarry blast,1.97,1.499,0.044,68,reviewed,us,us
2023-08-14T17:43:15.646Z,41.1275,-112.9235,0,1.8,ml,16,77,0.222,0.62,us,us6000kzx5,2023-10-27T21:39:01.040Z,"67 km W of Hooper, Utah",quarry blast,1.61,1.631,0.062,34,reviewed,us,us
2023-08-13T21:18:59.452Z,43.5352,-105.4134,0,2.9,ml,27,97,1.156,0.78,us,us6000kzrg,2023-10-27T21:39:01.040Z,"24 km SSE of Wright, Wyoming",mining explosion,2.21,1.812,0.057,45,reviewed,us,us
2023-08-12T20:17:48.317Z,43.7788,-105.5826,0,3.1,ml,12,126,1.168,0.35,us,us7000kp97,2023-10-17T22:01:31.040Z,"7 km WNW of Wright, Wyoming",mining explosion,7.16,1.84,0.049,54,reviewed,us,us
2023-08-09T18:56:48.908Z,41.1528,-112.8957,0,1.6,ml,13,110,0.253,1.16,us,us6000kywx,2023-10-17T22:01:29.040Z,"64 km W of Hooper, Utah",quarry blast,1.39,1.567,0.074,24,reviewed,us,us
2023-08-05T16:49:01.686Z,43.603,-105.1964,0,3.1,ml,44,53,0.986,0.65,us,us6000ky4q,2023-10-07T21:38:54.040Z,"28 km SE of Wright, Wyoming",mining explosion,6.22,1.913,0.05,52,reviewed,us,us
2023-07-31T18:04:46.728Z,43.7724,-105.271,0,3.3,ml,22,70,0.958,0.62,us,us6000kwwj,2023-10-07T21:38:54.040Z,"17 km E of Wright, Wyoming",mining explosion,3.31,1.629,0.055,44,reviewed,us,us
2023-07-25T18:02:21.556Z,41.0729,-112.9439,0,1.9,ml,19,76,0.718,0.85,us,us6000kvi5,2023-09-30T21:36:30.040Z,"66 km NW of Grantsville, Utah",quarry blast,2.19,1.714,0.05,52,reviewed,us,us
2023-07-23T20:30:45.534Z,41.4963,-108.8409,0,3,ml,25,78,0.771,0.72,us,us7000khv2,2023-09-30T21:36:39.040Z,"14 km E of Sweeney Ranch, Wyoming",mining explosion,4.67,1.731,0.036,102,reviewed,us,us
2023-07-18T19:36:32.978Z,43.6985,-105.2964,0,3.1,ml,24,58,1.004,0.81,us,us6000kvpr,2024-01-18T20:30:38.153Z,"16 km ESE of Wright, Wyoming",mining explosion,6.53,1.879,0.051,50,reviewed,us,us
2023-07-17T17:47:03.471Z,41.1257,-112.8918,0,2,ml,17,76,0.23,0.54,us,us7000kgfb,2023-09-28T21:33:39.040Z,"Utah",quarry blast,2.89,1.527,0.06,36,reviewed,us,us
2023-07-16T15:42:30.993Z,43.6775,-105.3217,0,3.3,ml,10,118,1.03,0.53,us,us7000kg63,2023-09-28T21:33:30.040Z,"15 km ESE of Wright, Wyoming",mining explosion,4.27,0.919,0.056,42,reviewed,us,us
2023-07-15T14:07:35.740Z,43.7452,-105.2965,0,2.6,ml,10,102,0.985,0.61,us,us7000kfzb,2023-09-16T19:16:26.040Z,"15 km E of Wright, Wyoming",mining explosion,3.78,1.849,0.085,18,reviewed,us,us
2023-07-11T18:44:07.201Z,41.1526,-112.9587,0,1.6,ml,15,114,0.238,0.98,us,us7000kexz,2023-09-16T19:16:26.040Z,"70 km W of Hooper, Utah",quarry blast,1.53,1.444,0.062,34,reviewed,us,us
2023-07-10T17:54:46.459Z,41.062,-112.9286,0,1.6,ml,16,76,0.16,0.92,us,us7000kep9,2023-09-16T19:16:26.040Z,"64 km NW of Grantsville, Utah",quarry blast,1.83,1.255,0.062,34,reviewed,us,us
2023-07-09T18:04:15.292Z,43.7332,-105.3441,0,3.3,ml,16,121,1.022,0.7,us,us6000kr60,2023-09-16T19:16:26.040Z,"12 km E of Wright, Wyoming",mining explosion,3.42,1.77,0.049,64,reviewed,us,us
2023-07-06T18:05:33.332Z,43.81,-105.2723,0,3.5,ml,14,126,0.945,0.52,us,us6000kqjs,2023-09-09T21:54:52.040Z,"18 km ENE of Wright, Wyoming",mining explosion,7.12,1.677,0.049,54,reviewed,us,us
2023-07-05T20:05:42.001Z,43.7044,-105.3877,0,3.2,ml,20,81,1.062,1.05,us,us6000kqaw,2023-09-09T21:54:49.040Z,"9 km ESE of Wright, Wyoming",mining explosion,3.74,1.918,0.056,42,reviewed,us,us
2023-06-26T18:44:07.153Z,41.1049,-112.9696,0,2.1,ml,22,43,0.189,0.69,us,us6000kn9q,2023-09-08T14:18:22.040Z,"70 km NW of Grantsville, Utah",quarry blast,1.52,1.555,0.052,48,reviewed,us,us
2023-06-24T19:01:28.722Z,43.7512,-105.3213,0,3.1,ml,14,122,1,0.62,us,us7000kavp,2023-08-26T20:54:28.040Z,"13 km E of Wright, Wyoming",mining explosion,4.95,1.778,0.05,62,reviewed,us,us
2023-06-09T18:16:15.741Z,43.7503,-105.3531,0,3.5,ml,33,59,1.021,0.53,us,us7000k7h7,2023-08-12T17:15:13.040Z,"11 km E of Wright, Wyoming",mining explosion,6.34,1.741,0.043,72,reviewed,us,us
2023-06-09T18:03:43.180Z,43.5068,-105.4199,0,2.9,ml,16,124,1.175,0.28,us,us7000k7h3,2023-08-12T17:15:13.040Z,"27 km SSE of Wright, Wyoming",mining explosion,8.47,1.706,0.051,50,reviewed,us,us
2023-06-02T16:09:16.761Z,41.6285,-108.6655,0,3.3,ml,17,86,1.258,0.5,us,us7000k5uc,2024-01-18T20:11:46.414Z,"11 km ESE of Point of Rocks, Wyoming",mining explosion,2.68,1.728,0.043,72,reviewed,us,us
2023-05-30T20:27:34.884Z,43.7866,-105.4226,0,2.9,ml,28,66,1.056,0.73,us,us7000k53b,2023-08-05T22:07:41.040Z,"Wyoming",mining explosion,6.58,1.735,0.05,52,reviewed,us,us
2023-05-30T19:59:10.468Z,43.8198,-105.3543,0,3.2,ml,34,42,0.998,0.89,us,us7000k52t,2023-08-05T22:07:41.040Z,"Wyoming",mining explosion,2.26,1.75,0.045,66,reviewed,us,us
2023-05-30T19:10:47.059Z,43.6021,-105.2433,0,3.3,ml,34,78,1.016,0.84,us,us7000k52f,2024-01-18T20:02:08.547Z,"26 km SE of Wright, Wyoming",mining explosion,6.49,1.732,0.044,68,reviewed,us,us
2023-05-27T22:59:19.144Z,43.7508,-105.3842,0,3.1,ml,18,79,1.042,0.92,us,us7000k4j0,2023-07-29T22:00:24.040Z,"8 km E of Wright, Wyoming",mining explosion,3.73,1.59,0.046,62,reviewed,us,us
2023-05-24T21:16:29.164Z,40.823,-111.907,0,1.6,ml,8,135,0.177,0.29,us,us7000k3lj,2023-07-29T22:00:24.040Z,"2 km S of North Salt Lake, Utah",mining explosion,0.98,1.425,0.069,28,reviewed,us,us
2023-05-22T15:27:49.447Z,40.6129,-109.4514,0,3,ml,13,149,0.099,0.38,us,us6000kdvw,2023-07-29T22:00:24.040Z,"18 km NNE of Vernal, Utah",mining explosion,2.52,0.822,0.037,98,reviewed,us,us
2023-05-19T17:59:39.305Z,43.7769,-105.3847,0,3.2,ml,33,60,1.033,0.54,us,us6000kd8r,2023-07-24T01:15:47.040Z,"9 km ENE of Wright, Wyoming",mining explosion,6.2,1.754,0.042,76,reviewed,us,us
2023-05-16T20:23:41.217Z,43.7985,-105.4181,0,3.1,ml,28,44,1.049,1.04,us,us6000kd80,2023-07-24T01:16:32.040Z,"7 km NE of Wright, Wyoming",mining explosion,5.03,1.799,0.045,64,reviewed,us,us
2023-05-16T20:08:50.733Z,43.6901,-105.3797,0,3.5,ml,41,41,1.063,0.94,us,us6000kcdr,2023-07-24T01:16:32.040Z,"11 km SE of Wright, Wyoming",mining explosion,5.64,1.334,0.041,80,reviewed,us,us
2023-05-15T18:00:34.743Z,43.824,-105.331,0,3.1,ml,56,39,0.981,0.94,us,us6000kc3s,2023-07-24T01:16:45.040Z,"15 km ENE of Wright, Wyoming",mining explosion,4.09,1.925,0.044,68,reviewed,us,us
2023-05-11T20:00:40.384Z,43.7036,-105.3562,0,3.2,ml,18,77,1.042,0.69,us,us6000kb7i,2023-07-22T19:16:51.040Z,"12 km ESE of Wright, Wyoming",mining explosion,5.46,1.461,0.046,62,reviewed,us,us
2023-05-08T18:04:48.046Z,43.7778,-105.3788,0,3.3,ml,25,67,1.029,0.63,us,us6000kafw,2023-07-22T19:16:25.040Z,"9 km ENE of Wright, Wyoming",mining explosion,5.19,1.682,0.052,48,reviewed,us,us
2023-05-08T18:04:04.801Z,43.6736,-105.2481,0,3.2,ml,20,75,0.984,0.72,us,us6000kafp,2023-07-22T19:16:25.040Z,"21 km ESE of Wright, Wyoming",mining explosion,4.73,1.193,0.051,50,reviewed,us,us
2023-05-06T18:00:13.857Z,43.7104,-105.3489,0,3.1,ml,77,32,1.034,0.59,us,us6000ka2j,2023-07-15T22:09:32.040Z,"12 km ESE of Wright, Wyoming",mining explosion,6.03,1.649,0.041,80,reviewed,us,us
2023-05-04T19:01:37.308Z,43.7398,-105.2706,0,3.5,ml,32,36,0.97,0.75,us,us6000k9ij,2023-07-15T22:09:31.040Z,"17 km E of Wright, Wyoming",mining explosion,5.2,1.81,0.042,74,reviewed,us,us
2023-05-04T17:01:09.519Z,43.8358,-105.2279,0,3.2,ml,15,84,0.907,0.64,us,us6000k9hs,2023-07-15T22:09:31.040Z,"23 km ENE of Wright, Wyoming",mining explosion,4.95,1.829,0.043,70,reviewed,us,us
2023-04-29T21:16:21.425Z,43.5793,-105.3201,0,3.1,ml,21,112,1.075,0.41,us,us7000jx1w,2023-07-11T01:44:28.040Z,"23 km SE of Wright, Wyoming",mining explosion,4.58,1.704,0.044,68,reviewed,us,us
2023-04-29T18:06:08.790Z,43.6474,-105.2152,0,3,ml,30,124,0.975,0.52,us,us7000jx0t,2023-07-11T01:44:28.040Z,"25 km ESE of Wright, Wyoming",mining explosion,8.63,1.72,0.056,42,reviewed,us,us
2023-04-27T17:59:28.232Z,43.841,-105.342,0,3.2,ml,28,65,0.984,0.86,us,us7000jwck,2023-07-11T01:44:27.040Z,"Wyoming",mining explosion,6.45,1.541,0.055,44,reviewed,us,us
2023-04-20T20:10:47.021Z,40.6282,-109.4909,0,3.1,ml,44,48,0.083,0.67,us,us6000k5va,2023-07-03T02:46:56.040Z,"Utah",mining explosion,3.31,1.4,0.038,93,reviewed,us,us
2023-04-20T18:04:34.209Z,43.7853,-105.2754,0,3.3,ml,43,41,0.956,0.94,us,us6000k5u1,2024-01-18T19:49:56.110Z,"17 km ENE of Wright, Wyoming",mining explosion,4.99,1.892,0.045,65,reviewed,us,us
2023-04-19T21:24:36.973Z,43.6363,-105.2826,0,3.3,ml,16,75,1.024,0.49,us,us6000k5lu,2023-07-03T02:47:05.040Z,"21 km SE of Wright, Wyoming",mining explosion,5.94,1.699,0.047,65,reviewed,us,us
2023-04-14T20:23:25.086Z,43.6584,-105.3718,0,3.3,ml,41,57,1.071,0.69,us,us6000k4jw,2023-06-17T21:36:55.040Z,"14 km SE of Wright, Wyoming",mining explosion,6.51,1.725,0.04,81,reviewed,us,us
2023-04-14T18:04:09.073Z,43.7785,-105.3137,0,3.6,ml,37,81,0.984,0.36,us,us6000k4ir,2023-06-17T21:36:55.040Z,"14 km ENE of Wright, Wyoming",mining explosion,2.27,1.743,0.041,77,reviewed,us,us
2023-04-14T15:07:12.354Z,43.8614,-105.2576,0,2.8,ml,13,142,0.919,0.33,us,us6000k4hk,2024-01-18T19:47:19.213Z,"22 km ENE of Wright, Wyoming",mining explosion,5.01,1.837,0.083,19,reviewed,us,us
2023-04-12T18:02:24.362Z,43.826,-105.2906,0,3.1,ml,35,51,0.953,0.92,us,us6000k3vn,2023-06-17T21:36:49.040Z,"18 km ENE of Wright, Wyoming",mining explosion,5.72,1.72,0.055,44,reviewed,us,us
2023-04-10T23:30:49.620Z,43.8283,-105.3316,0,3,ml,14,111,0.98,0.37,us,us6000k3dp,2023-06-17T21:36:44.040Z,"15 km ENE of Wright, Wyoming",mining explosion,4.71,1.725,0.05,52,reviewed,us,us
2023-04-09T22:50:15.188Z,43.6133,-105.3388,0,3.2,ml,14,75,1.07,0.21,us,us6000k359,2023-06-17T21:36:41.040Z,"19 km SE of Wright, Wyoming",mining explosion,3.18,1.826,0.046,62,reviewed,us,us
2023-04-07T20:08:08.283Z,43.7545,-105.3126,0,3.5,ml,45,47,0.992,0.45,us,us6000k2qm,2023-06-13T03:12:29.040Z,"14 km E of Wright, Wyoming",mining explosion,5.17,1.682,0.04,82,reviewed,us,us
2023-04-05T20:02:35.472Z,43.7428,-105.2092,0,3.2,ml,18,106,0.928,1.15,us,us6000k27w,2023-06-13T03:12:48.040Z,"22 km E of Wright, Wyoming",mining explosion,3.93,1.641,0.046,62,reviewed,us,us
2023-04-03T18:03:26.560Z,43.8027,-105.2968,0,3.4,ml,17,54,0.965,0.82,us,us6000k1sd,2023-06-13T03:13:12.040Z,"16 km ENE of Wright, Wyoming",mining explosion,6.86,1.728,0.044,68,reviewed,us,us
2023-04-02T21:32:55.701Z,43.7457,-105.2997,0,3.2,ml,14,130,0.987,0.71,us,us6000k1le,2023-06-13T03:13:22.040Z,"15 km E of Wright, Wyoming",mining explosion,4.87,1.211,0.064,32,reviewed,us,us
2023-04-02T21:02:37.441Z,43.739,-105.3957,0,3,ml,12,130,1.054,0.84,us,us6000k1l9,2023-06-13T03:13:23.040Z,"Wyoming",mining explosion,4.84,1.816,0.05,52,reviewed,us,us
2023-04-01T21:42:01.400Z,41.7352,-108.7078,0,3.1,ml,16,91,0.913,0.29,us,us6000k1em,2023-06-03T22:06:02.040Z,"8 km NE of Point of Rocks, Wyoming",mining explosion,2.23,1.613,0.039,86,reviewed,us,us
2023-03-30T21:16:50.725Z,43.5911,-105.3676,0,2.5,ml,17,120,1.099,0.46,us,us6000k1ym,2023-06-03T22:06:02.040Z,"20 km SSE of Wright, Wyoming",mining explosion,3.53,1.753,0.069,28,reviewed,us,us
2023-03-29T20:58:57.743Z,40.6899,-109.5031,0,3.2,ml,39,48,0.807,0.48,us,us6000k0r5,2023-06-03T22:06:02.040Z,"24 km NNE of Maeser, Utah",mining explosion,2.61,1.714,0.033,118,reviewed,us,us
2023-03-28T22:57:24.291Z,43.7329,-105.3339,0,2.6,ml,16,120,1.015,0.5,us,us6000k0g5,2023-06-03T22:06:01.040Z,"12 km E of Wright, Wyoming",mining explosion,8.69,1.794,0.069,28,reviewed,us,us
2023-03-25T19:08:47.390Z,43.6266,-105.2505,0,3,ml,20,98,1.008,0.34,us,us7000jmqa,2023-05-26T21:54:20.040Z,"23 km SE of Wright, Wyoming",mining explosion,4.63,1.706,0.066,30,reviewed,us,us
2023-03-25T17:57:31.411Z,43.7836,-105.3015,0,3.4,ml,35,60,0.974,0.52,us,us7000jmq4,2023-05-26T21:54:20.040Z,"Wyoming",mining explosion,2.56,1.748,0.043,72,reviewed,us,us
2023-03-24T20:04:32.817Z,43.8586,-105.2494,0,3.1,ml,28,61,0.914,0.49,us,us7000jmk6,2023-05-26T21:54:18.040Z,"22 km ENE of Wright, Wyoming",mining explosion,5.8,1.764,0.048,58,reviewed,us,us
2023-03-23T20:27:01.634Z,43.6477,-105.2956,0,3.2,ml,15,74,1.027,0.46,us,us7000jm96,2023-05-26T21:54:14.040Z,"19 km SE of Wright, Wyoming",mining explosion,5.8,1.471,0.044,68,reviewed,us,us
2023-03-22T18:24:02.135Z,43.7532,-105.3372,0,3.4,ml,18,79,1.009,0.54,us,us7000jm04,2023-05-26T21:54:12.040Z,"Wyoming",mining explosion,5.93,1.537,0.048,58,reviewed,us,us
2023-03-22T18:05:46.525Z,40.4654,-112.1445,0,1.7,ml,23,116,0.188,0.83,us,us7000jlzy,2023-05-26T21:54:12.040Z,"Utah",mining explosion,2.77,1.596,0.055,44,reviewed,us,us
2023-03-21T22:34:55.492Z,43.7151,-105.3458,0,3.2,ml,20,77,1.03,0.45,us,us7000jltx,2023-05-26T21:54:11.040Z,"12 km ESE of Wright, Wyoming",mining explosion,6.08,1.722,0.049,60,reviewed,us,us
2023-03-20T19:03:46.599Z,43.7425,-105.38,0,3,ml,23,69,1.042,0.93,us,us7000jlhl,2023-05-26T21:54:08.040Z,"9 km E of Wright, Wyoming",mining explosion,5.38,1.744,0.06,36,reviewed,us,us
2023-03-19T21:11:36.503Z,43.5907,-105.1827,0,3.1,ml,10,128,0.985,0.47,us,us7000jlbw,2023-05-26T21:54:06.040Z,"30 km SE of Wright, Wyoming",mining explosion,3.12,1.794,0.045,64,reviewed,us,us
2023-03-19T17:59:30.061Z,43.6066,-105.263,0,2.5,ml,13,154,1.026,0.54,us,us7000jmfk,2023-05-26T21:54:16.040Z,"24 km SE of Wright, Wyoming",mining explosion,5.7,1.668,0.081,20,reviewed,us,us
2023-03-18T18:02:30.835Z,43.7717,-105.3636,0,3,ml,20,80,1.021,0.81,us,us7000jl4e,2023-05-20T23:20:38.040Z,"10 km ENE of Wright, Wyoming",mining explosion,6.19,1.746,0.044,68,reviewed,us,us
2023-03-16T21:42:28.975Z,41.7395,-108.6358,0,3,ml,18,92,0.966,0.92,us,us7000jklz,2023-05-20T23:20:30.040Z,"14 km ENE of Point of Rocks, Wyoming",mining explosion,2.46,1.185,0.034,114,reviewed,us,us
2023-03-15T20:05:57.001Z,43.8826,-105.2993,0,3.2,ml,15,87,0.942,0.66,us,us7000jk7y,2023-05-20T23:20:27.040Z,"Wyoming",mining explosion,3.56,1.523,0.049,54,reviewed,us,us
2023-03-13T22:41:06.853Z,43.5112,-105.4006,0,2.6,ml,8,124,1.161,0.31,us,us7000jkvx,2023-05-20T23:20:34.040Z,"27 km SSE of Wright, Wyoming",mining explosion,4.43,1.805,0.074,26,reviewed,us,us
2023-03-12T20:01:17.261Z,43.8683,-105.2247,0,3.2,ml,15,111,0.894,0.5,us,us7000jjdp,2023-05-20T23:20:18.040Z,"25 km ENE of Wright, Wyoming",mining explosion,7.25,1.701,0.048,66,reviewed,us,us
2023-03-12T18:00:46.179Z,43.7246,-105.3131,0,3,ml,20,78,1.004,0.54,us,us7000jjcx,2023-05-20T23:20:18.040Z,"14 km ESE of Wright, Wyoming",mining explosion,4.2,1.664,0.048,68,reviewed,us,us
2023-03-11T20:29:09.610Z,43.6844,-105.2213,0,3.2,ml,15,99,0.962,0.68,us,us7000jj6v,2023-05-15T02:49:08.040Z,"23 km ESE of Wright, Wyoming",mining explosion,3.71,1.959,0.064,32,reviewed,us,us
2023-03-09T20:57:15.726Z,43.5093,-105.4116,0,2.6,ml,18,76,1.169,1.27,us,us7000jk2x,2023-05-15T02:49:41.040Z,"27 km SSE of Wright, Wyoming",mining explosion,4.92,1.776,0.064,32,reviewed,us,us
2023-03-07T22:09:41.128Z,43.6481,-105.3436,0,2.7,ml,6,126,1.057,0.34,us,us7000jjkp,2023-05-15T02:50:12.040Z,"16 km SE of Wright, Wyoming",mining explosion,5.46,1.725,0.074,26,reviewed,us,us
2023-03-07T18:56:22.546Z,43.8503,-105.3244,0,3.2,ml,34,39,0.969,0.47,us,us7000jhyf,2023-05-15T02:50:15.040Z,"17 km NE of Wright, Wyoming",mining explosion,2.17,1.75,0.044,68,reviewed,us,us
2023-03-06T22:08:25.934Z,40.6297,-109.4651,0,3.2,ml,48,48,0.099,0.43,us,us7000jhra,2023-05-15T02:50:25.040Z,"19 km NNE of Maeser, Utah",mining explosion,3.38,1.719,0.034,112,reviewed,us,us
2023-03-03T20:43:23.816Z,43.6592,-105.3747,0,3.1,ml,16,74,1.072,0.67,us,us7000jh68,2023-05-08T02:00:39.040Z,"Wyoming",mining explosion,7.12,1.115,0.053,46,reviewed,us,us
2023-03-02T19:05:21.652Z,43.8054,-105.256,0,3.2,ml,19,69,0.936,0.66,us,us7000jgvg,2023-05-08T02:00:25.040Z,"19 km ENE of Wright, Wyoming",mining explosion,5.37,1.339,0.045,64,reviewed,us,us
2023-03-01T19:00:46.884Z,43.8562,-105.2648,0,3.2,ml,18,86,0.926,0.82,us,us7000jgmn,2023-05-08T02:00:11.040Z,"21 km ENE of Wright, Wyoming",mining explosion,5.25,1.34,0.049,54,reviewed,us,us
2023-02-21T19:02:57.997Z,43.7782,-105.3212,0,3.2,ml,38,41,0.99,1.2,us,us6000jqlt,2023-04-29T21:57:22.040Z,"14 km ENE of Wright, Wyoming",mining explosion,4.46,1.924,0.041,78,reviewed,us,us
2023-02-20T20:13:26.527Z,43.7379,-105.3116,0,3.5,ml,18,78,0.998,1.15,us,us6000jqe0,2023-04-29T21:57:18.040Z,"14 km E of Wright, Wyoming",mining explosion,3.96,1.707,0.043,72,reviewed,us,us
2023-02-18T21:02:14.585Z,43.7977,-105.2297,0,3.1,ml,18,82,0.921,0.65,us,us6000jpzc,2023-04-22T21:33:00.040Z,"21 km ENE of Wright, Wyoming",mining explosion,4.79,1.772,0.046,62,reviewed,us,us
2023-02-18T20:20:59.596Z,43.6148,-105.2392,0,3.2,ml,13,124,1.007,0.81,us,us6000jpz0,2023-04-22T21:33:00.040Z,"25 km SE of Wright, Wyoming",mining explosion,5.17,1.737,0.047,60,reviewed,us,us
2023-02-15T21:07:28.553Z,43.799,-105.3677,0,3.1,ml,19,82,1.014,0.34,us,us6000jp88,2023-04-22T21:33:00.040Z,"11 km ENE of Wright, Wyoming",mining explosion,4.62,1.718,0.048,72,reviewed,us,us
2023-02-13T19:06:51.193Z,43.7918,-105.2802,0,3.3,ml,18,74,0.957,0.81,us,us6000jnm9,2023-04-22T21:33:00.040Z,"17 km ENE of Wright, Wyoming",mining explosion,4.15,1.651,0.049,54,reviewed,us,us
2023-02-12T21:01:57.116Z,43.8471,-105.3037,0,2.8,ml,15,111,0.955,0.56,us,us6000jqce,2023-04-22T21:33:00.040Z,"18 km NE of Wright, Wyoming",mining explosion,6.02,1.755,0.077,22,reviewed,us,us
2023-02-12T18:15:47.292Z,43.6209,-105.2818,0,3,ml,15,123,1.031,0.98,us,us6000jqcd,2023-04-22T21:33:00.040Z,"22 km SE of Wright, Wyoming",mining explosion,5.44,1.793,0.059,42,reviewed,us,us
2023-02-09T20:24:14.905Z,43.6403,-105.3445,0,3.4,ml,15,73,1.061,0.58,us,us6000jmuu,2023-04-15T21:39:52.040Z,"17 km SE of Wright, Wyoming",mining explosion,3.18,1.745,0.045,64,reviewed,us,us
2023-02-07T21:26:09.353Z,43.7319,-105.2355,0,3.4,ml,43,37,0.95,0.6,us,us6000jmca,2023-04-15T21:39:45.040Z,"20 km E of Wright, Wyoming",mining explosion,6.43,1.925,0.048,69,reviewed,us,us
2023-02-05T20:00:13.058Z,43.7322,-105.3797,0,3.4,ml,23,72,1.046,0.41,us,us6000jlkn,2023-04-15T21:39:33.040Z,"9 km ESE of Wright, Wyoming",mining explosion,7.35,1.66,0.049,69,reviewed,us,us
2023-02-02T21:52:59.481Z,40.6383,-109.4868,0,3.1,ml,12,136,0.092,0.41,us,us6000jl1z,2023-04-13T21:53:19.040Z,"Utah",mining explosion,2.22,1.588,0.032,126,reviewed,us,us
2023-02-02T18:58:51.282Z,43.8198,-105.2621,0,3.3,ml,33,55,1.489,1.06,us,us6000jl16,2023-04-13T21:53:19.040Z,"Wyoming",mining explosion,4.71,1.652,0.047,60,reviewed,us,us
2023-01-29T22:21:23.436Z,43.567,-105.1911,0,3,ml,19,108,1.003,0.41,us,us6000jk7m,2023-04-13T21:53:09.040Z,"31 km SE of Wright, Wyoming",mining explosion,3.53,1.915,0.064,32,reviewed,us,us
2023-01-28T21:03:19.036Z,43.7237,-105.3381,0,3.5,ml,11,103,1.021,0.9,us,us6000jk1w,2023-04-11T18:51:26.040Z,"12 km ESE of Wright, Wyoming",mining explosion,3.53,1.745,0.041,78,reviewed,us,us
2023-01-28T19:08:53.426Z,43.772,-105.3492,0,3.3,ml,16,80,1.011,0.27,us,us6000jk14,2023-04-11T18:51:26.040Z,"11 km ENE of Wright, Wyoming",mining explosion,5.75,1.74,0.043,70,reviewed,us,us
2023-01-23T19:01:00.494Z,43.7513,-105.3537,0,4.1,mb,24,69,1.021,0.89,us,us6000jis8,2023-04-11T18:51:26.040Z,"11 km E of Wright, Wyoming",mining explosion,7.01,1.452,0.371,2,reviewed,us,us
2023-01-17T21:35:28.486Z,43.7849,-105.3471,0,3.3,ml,38,41,1.005,0.37,us,us7000j4zz,2023-03-31T19:46:11.040Z,"12 km ENE of Wright, Wyoming",mining explosion,2.15,1.754,0.044,82,reviewed,us,us
2023-01-13T18:59:38.269Z,43.8071,-105.306,0,3.1,ml,32,60,0.969,0.49,us,us7000j494,2023-03-20T06:03:37.040Z,"16 km ENE of Wright, Wyoming",mining explosion,5.79,1.767,0.042,74,reviewed,us,us
2023-01-11T22:58:13.394Z,43.7828,-105.3787,0,3.4,ml,33,59,1.027,0.3,us,us7000j3sc,2023-03-20T06:03:24.040Z,"9 km ENE of Wright, Wyoming",mining explosion,2.42,1.754,0.044,80,reviewed,us,us
2023-01-09T19:11:17.547Z,43.7876,-105.3309,0,3.4,ml,10,100,0.993,0.34,us,us7000j39g,2023-03-20T06:03:08.040Z,"Wyoming",mining explosion,3.88,1.622,0.042,76,reviewed,us,us
2023-01-06T21:34:44.291Z,43.7374,-105.2726,0,3.4,ml,22,71,0.972,0.72,us,us7000j2nk,2023-03-11T22:51:43.040Z,"Wyoming",mining explosion,5.85,1.76,0.043,72,reviewed,us,us
2023-01-04T18:59:38.592Z,43.6984,-105.3634,0,3.4,ml,18,71,1.048,0.82,us,us7000j24u,2023-03-11T22:51:39.040Z,"11 km ESE of Wright, Wyoming",mining explosion,4.49,0.979,0.045,64,reviewed,us,us
2023-01-02T19:02:17.679Z,43.8095,-105.2956,0,3.3,ml,14,83,0.962,0.49,us,us7000j1na,2023-03-11T22:51:33.040Z,"17 km ENE of Wright, Wyoming",mining explosion,7.53,1.674,0.05,52,reviewed,us,us
